id,symbol,market,timeframe,direction,entry,stop,target,target_r,stop_pct,mfe_r,mae_r,mae_pct,hrs_first_green,hrs_0.10R,hrs_0.25R,hrs_0.50R,hrs_1.00R,hit_1R,hit_2R,hit_3R,green_then_stopped,final_r,be25_r,be_would_save,be_cuts_winner
339481db,BTCUSDT,crypto major,1h,long,63156.3275,62710.957500000004,64492.4375,3.0,0.7052,0.645,-2.282,1.6092,0.0,0.0,0.0,0.0,,False,False,False,True,-1.0,0.0,True,False
94589432,BNBUSDT,crypto major,1h,long,601.58,597.1400000000001,614.9,3.0,0.7381,0.7703,-1.8356,1.3548,0.0,0.0,0.0,0.0,,False,False,False,True,-1.0,0.0,True,False
7eae1f48,SOLUSDT,crypto major,5m,long,67.06107142857142,66.58749999999999,68.48178571428572,3.0,0.7062,0.589,-3.0852,2.1787,0.0,0.08333333333333333,0.08333333333333333,0.16666666666666666,,False,False,False,True,-1.0,0.0,True,False
1abac7c1,BTCUSDT,crypto major,5m,long,63294.787142857145,63071.450000000004,63964.798571428575,3.0,0.3529,0.6663,-5.1706,1.8245,0.0,0.08333333333333333,0.08333333333333333,0.16666666666666666,,False,False,False,True,-1.0,0.0,True,False
6d95069f,BNBUSDT,crypto major,5m,long,603.0794642857144,600.9162500000001,609.5691071428572,3.0,0.3587,0.8878,-4.4607,1.6,0.0,0.0,0.0,0.08333333333333333,,False,False,False,True,-1.0,0.0,True,False
7ae63dd0,XRPUSDT,crypto major,5m,long,1.1721017857142857,1.1685124999999998,1.182869642857143,3.0,0.3062,1.2254,-5.3776,1.6468,0.0,0.0,0.08333333333333333,0.08333333333333333,0.16666666666666666,True,False,False,True,-1.0,0.0,True,False
66504e98,SOLUSDT,crypto major,15m,long,66.96464285714286,66.39250000000001,68.68107142857143,3.0,0.8544,0.6561,-2.3851,2.0379,0.0,0.0,0.0,0.0,,False,False,False,True,-1.0,0.0,True,False
443b3d52,XRPUSDT,crypto major,15m,long,1.170775,1.1622249999999998,1.1964249999999998,3.0,0.7303,0.6696,-2.1023,1.5353,0.0,0.0,0.0,0.0,,False,False,False,True,-1.0,0.0,True,False
4f327990,LINKUSDT,crypto major,15m,long,7.950696428571429,7.8888750000000005,8.136160714285715,3.0,0.7776,0.5711,-1.8391,1.43,0.0,0.0,0.0,0.0,,False,False,False,True,-1.0,0.0,True,False
89eb5b7b,AVAXUSDT,crypto major,5m,short,6.67275,6.69525,6.605250000000001,3.0,0.3372,0.2556,-3.3444,1.1277,0.0,0.5,0.6666666666666666,,,False,False,False,True,-1.0,-1.0,False,False
e12a94b4,DOTUSDT,crypto major,5m,short,0.9635357142857143,0.96675,0.9538928571428571,3.0,0.3336,0.4778,-3.2556,1.086,0.3333333333333333,0.3333333333333333,0.5,,,False,False,False,True,-1.0,-1.0,False,False
7fd1108c,AVAXUSDT,crypto major,15m,short,6.679089285714285,6.721625,6.551482142857141,3.0,0.6368,0.2842,-1.6201,1.0317,0.0,0.0,0.5,,,False,False,False,True,-1.0,0.0,True,False
335633ca,ETHUSDT,crypto major,2h,short,1676.9055357142859,1714.0787500000001,1565.3858928571428,3.0,2.2168,1.9763,-1.4896,3.3022,0.0,0.0,0.0,0.0,0.0,True,False,False,True,-1.0,0.0,True,False
da7bfefa,DOGEUSDT,crypto major,2h,short,0.08566160714285714,0.08741125000000001,0.08041267857142856,3.0,2.0425,2.1899,-3.8913,7.948,0.0,0.0,0.0,0.0,2.0,True,True,False,True,-1.0,0.0,True,False
c77cb4b0,DOTUSDT,crypto major,2h,short,0.9676964285714286,0.9898750000000001,0.9011607142857142,3.0,2.2919,2.9171,-1.2311,2.8215,0.0,0.0,0.0,0.0,0.0,True,True,False,True,-1.0,0.0,True,False
8db0bce2,DOGEUSDT,crypto major,4h,short,0.08590785714285713,0.08883499999999998,0.07712642857142857,3.0,3.4073,1.3931,-2.2418,7.6386,0.0,0.0,0.0,0.0,4.0,True,False,False,True,-1.0,0.0,True,False
84dcb6ce,SOLUSDT,crypto major,1h,short,66.43,68.1,64.5,1.1556886227545038,2.5139,1.2994,-0.0539,0.1355,0.0,0.0,0.0,2.0,2.0,True,False,False,False,1.1557,1.1557,False,False
fb05eb7b,YAHOO:SI=F,tradfi (index/metal/oil/fx),1h,short,65.61687769208636,66.67812919616699,62.43312317984445,3.0,1.6173,3.7897,-0.2574,0.4162,0.0,0.0,0.0,0.0,0.0,True,True,True,False,3.0,0.0,False,True
3ad76ca0,YAHOO:CL=F,tradfi (index/metal/oil/fx),1h,short,87.32678644997733,88.62750148773193,83.42464133671352,3.0,1.4895,0.159,-1.0019,1.4923,0.0,0.0,,,,False,False,False,True,-1.0,-1.0,False,False
9738b4de,YAHOO:BZ=F,tradfi (index/metal/oil/fx),1h,short,90.58910451616559,91.84374809265137,86.82517378670828,3.0,1.385,-0.1681,-1.0847,1.5023,,,,,,False,False,False,False,-1.0,-1.0,False,False
09241c41,BTCUSDT,crypto major,5m,short,61189.600535714286,61456.48375,60388.950892857145,3.0,0.4362,1.5348,-2.9016,1.2656,0.0,0.0,0.0,0.0,0.0,True,False,False,True,-1.0,0.0,True,False
ca48ecf7,SOLUSDT,crypto major,5m,short,64.31017857142857,64.73124999999999,63.04696428571428,3.0,0.6548,1.8291,-2.9444,1.9279,0.0,0.0,0.0,0.0,0.0,True,False,False,True,-1.0,0.0,True,False
b3f08aad,XRPUSDT,crypto major,5m,short,1.1307125,1.1367875,1.1124875,3.0,0.5373,1.9774,-2.7469,1.4758,0.0,0.0,0.0,0.0,0.0,True,False,False,True,-1.0,0.0,True,False
ff733d97,ADAUSDT,crypto major,5m,short,0.16333035714285715,0.1647125,0.15918392857142855,3.0,0.8462,1.8307,-3.3786,2.859,0.0,0.0,0.0,0.0,0.0,True,False,False,True,-1.0,0.0,True,False
aa027eda,DOTUSDT,crypto major,5m,short,0.9440357142857142,0.9502499999999998,0.9253928571428571,3.0,0.6583,2.5805,-3.0517,2.0089,0.0,0.0,0.0,0.0,0.0,True,True,False,True,-1.0,0.0,True,False
8ef7d8a0,BTCUSDT,crypto major,15m,short,61235.727321428574,61740.85125,59720.35553571429,3.0,0.8249,0.1262,-1.4418,1.1893,0.0,0.0,,,,False,False,False,True,-1.0,-1.0,False,False
02d5cdd8,BNBUSDT,crypto major,15m,short,588.8778571428572,593.6650000000001,574.5164285714287,3.0,0.8129,0.526,-1.3353,1.0855,0.0,0.0,0.0,0.0,,False,False,False,True,-1.0,0.0,True,False
d476cc1d,SOLUSDT,crypto major,15m,short,64.36589285714285,65.12124999999999,62.099821428571424,3.0,1.1735,0.683,-1.5676,1.8396,0.0,0.0,0.0,0.0,,False,False,False,True,-1.0,0.0,True,False
9271b07b,XRPUSDT,crypto major,15m,short,1.1312982142857142,1.1420875,1.0989303571428573,3.0,0.9537,0.732,-1.4924,1.4233,0.0,0.0,0.0,0.0,,False,False,False,True,-1.0,0.0,True,False
c0bc2918,ADAUSDT,crypto major,15m,short,0.16339464285714286,0.1657625,0.15629107142857143,3.0,1.4492,0.8424,-1.9449,2.8185,0.0,0.0,0.0,0.0,,False,False,False,True,-1.0,0.0,True,False
830cfd9e,BNBUSDT,crypto major,1h,short,589.1705357142857,596.1337500000001,568.2808928571428,3.0,1.1819,-0.6993,-1.3571,1.6039,,,,,,False,False,False,False,-1.0,-1.0,False,False
26c01419,LINKUSDT,crypto major,4h,short,7.795285714285715,8.091000000000001,6.908142857142858,3.0,3.7935,1.0628,-1.3145,4.9865,0.0,0.0,0.0,0.0,4.0,True,False,False,True,-1.0,0.0,True,False
d1380636,AVAXUSDT,crypto major,15m,short,6.649946428571429,6.721625,6.4349107142857145,3.0,1.0779,3.222,1.5339,1.6533,0.0,0.0,0.0,0.0,0.0,True,True,True,False,3.0,3.0,False,False
00a37f57,AVAXUSDT,crypto major,1h,short,6.656071428571428,6.770499999999999,6.312785714285713,3.0,1.7192,3.103,-0.0693,0.1191,0.0,0.0,0.0,0.0,0.0,True,True,True,False,3.0,3.0,False,False
f8b8166b,LINKUSDT,crypto major,1h,short,7.868196428571429,7.995375,7.486660714285716,3.0,1.6164,3.0445,-0.2579,0.4169,0.0,0.0,0.0,0.0,0.0,True,True,True,False,3.0,3.0,False,False
4ac21066,BNBUSDT,crypto major,5m,short,594.9801785714285,596.1812499999999,591.3769642857143,3.0,0.2019,7.0772,0.125,0.0252,0.0,0.0,0.0,0.0,0.0,True,True,True,False,3.0,3.0,False,False
e0c9dd02,XRPUSDT,crypto major,5m,short,1.136944642857143,1.1402125,1.1271410714285717,3.0,0.2874,0.9623,-1.3634,0.3919,0.0,0.0,0.0,0.0,,False,False,False,True,-1.0,0.0,True,False
340efdf9,BTCUSDT,crypto major,15m,short,61862.74964285715,62179.1875,60913.43607142857,3.0,0.5115,3.5007,0.4006,0.2049,0.0,0.0,0.0,0.0,0.0,True,True,True,False,3.0,3.0,False,False
53e37505,ETHUSDT,crypto major,15m,short,1652.5044642857144,1662.0112500000002,1623.9841071428573,3.0,0.5753,3.2329,0.5885,0.3385,0.0,0.0,0.0,0.0,0.0,True,True,True,False,3.0,3.0,False,False
d90c1cc4,SOLUSDT,crypto major,15m,short,65.06035714285714,65.5425,63.613928571428566,3.0,0.7411,4.377,1.5978,1.1841,0.0,0.0,0.0,0.0,0.0,True,True,True,False,3.0,3.0,False,False
20fb9a83,BTCUSDT,crypto major,1h,short,61935.58482142857,62689.09375,59675.05803571428,3.0,1.2166,0.6512,-1.2241,1.4893,0.0,0.0,0.0,0.0,,False,False,False,True,-1.0,0.0,True,False
ec99de8d,SOLUSDT,crypto major,1h,short,65.16642857142857,66.345,61.63071428571429,3.0,1.8086,2.3982,-1.717,3.1052,0.0,0.0,0.0,0.0,4.0,True,True,False,True,-1.0,0.0,True,False
7c98760b,XRPUSDT,crypto major,2h,short,1.1405142857142858,1.1658000000000002,1.064657142857143,3.0,2.217,2.061,-1.8701,4.146,0.0,0.0,0.0,0.0,2.0,True,True,False,True,-1.0,0.0,True,False
5cf4820c,ADAUSDT,crypto major,2h,short,0.16687321428571428,0.1727125,0.14935535714285714,3.0,3.4992,1.4853,-1.289,4.5105,0.0,0.0,0.0,0.0,2.0,True,False,False,True,-1.0,0.0,True,False
a6c0fa59,ADAUSDT,crypto major,4h,short,0.16740714285714284,0.17645,0.1402785714285714,3.0,5.4017,1.0182,-2.1667,11.7037,0.0,0.0,0.0,0.0,20.0,True,False,False,True,-1.0,0.0,True,False
e5fd95a8,DOTUSDT,crypto major,4h,short,0.9646071428571428,1.0042499999999999,0.8456785714285713,3.0,4.1097,1.5541,-1.1703,4.8095,0.0,0.0,0.0,0.0,0.0,True,False,False,True,-1.0,0.0,True,False
7e5608bf,BNBUSDT,crypto major,15m,short,594.0794642857143,596.29625,587.4291071428571,3.0,0.3731,3.4281,-0.3386,0.1263,0.0,0.0,0.0,0.0,0.0,True,True,True,False,3.0,0.0,False,True
37310864,XRPUSDT,crypto major,15m,short,1.121025,1.130175,1.0935749999999997,3.0,0.8162,1.6093,-1.8115,1.4786,0.0,0.0,0.0,0.0,0.0,True,False,False,True,-1.0,0.0,True,False
0486656e,YAHOO:BZ=F,tradfi (index/metal/oil/fx),1h,short,92.43231814248222,93.82624530792236,88.25053664616176,3.0,1.5081,0.2958,-1.3829,2.0855,0.0,0.0,0.0,,,False,False,False,True,-1.0,0.0,True,False
cf2b020b,BNBUSDT,crypto major,5m,short,587.24625,588.7237500000001,582.8137499999999,3.0,0.2516,4.4442,-0.2191,0.0551,0.0,0.0,0.0,0.08333333333333333,0.16666666666666666,True,True,True,False,3.0,3.0,False,False
864c79c6,BNBUSDT,crypto major,1h,short,587.9607142857143,593.3050000000001,571.9278571428571,3.0,0.909,1.3623,-1.9758,1.7959,0.0,0.0,0.0,0.0,0.0,True,False,False,True,-1.0,0.0,True,False
bcb4fbe4,YAHOO:CL=F,tradfi (index/metal/oil/fx),1h,short,88.2701768875122,89.29124736785889,85.20696544647217,3.0,1.1568,0.8522,-2.1055,2.4355,0.0,0.0,0.0,0.0,,False,False,False,True,-1.0,0.0,True,False
ed6038c4,ETHUSDT,crypto major,5m,short,1622.980357142857,1629.7024999999999,1602.8139285714285,3.0,0.4142,0.1399,-6.6913,2.7714,0.0,0.0,,,,False,False,False,True,-1.0,-1.0,False,False
7d2cce27,YAHOO:GC=F,tradfi (index/metal/oil/fx),1h,short,4166.700108119419,4200.3001708984375,4065.899919782366,3.0,0.8064,1.1042,-1.2738,1.0272,0.0,0.0,0.0,1.0,2.0,True,False,False,True,-1.0,-1.0,False,False
013d82a2,YAHOO:NG=F,tradfi (index/metal/oil/fx),1h,long,3.2181427776813507,3.177000015974045,3.3415710628032684,3.0,1.2785,0.4826,-1.1944,1.5271,0.0,0.0,0.0,,,False,False,False,True,-1.0,0.0,True,False
d2fc37b4,XRPUSDT,crypto major,5m,short,1.1030035714285715,1.108425,1.086739285714286,3.0,0.4915,2.6937,-3.7991,1.8673,0.0,0.0,0.0,0.0,0.0,True,True,False,True,-1.0,0.0,True,False
92f7fe6a,ETHUSDT,crypto major,15m,short,1633.1326785714286,1647.42875,1590.2444642857145,3.0,0.8754,2.077,-1.9703,1.7247,0.0,0.0,0.0,0.0,0.75,True,True,False,True,-1.0,0.0,True,False
7e9c0c83,BNBUSDT,crypto major,4h,short,591.9573214285714,606.6412499999999,547.9055357142856,3.0,2.4806,0.371,-1.0469,2.5969,0.0,0.0,0.0,,,False,False,False,True,-1.0,0.0,True,False
f50a74ba,YAHOO:GC=F,tradfi (index/metal/oil/fx),1h,short,4113.794625418527,4160.5623779296875,3973.491367885045,3.0,1.1369,0.8766,-2.7263,3.0995,0.0,0.0,0.0,0.0,,False,False,False,True,-1.0,0.0,True,False
0de8f16f,BTCUSDT,crypto major,5m,short,61222.78357142857,61429.865,60601.53928571429,3.0,0.3382,0.5724,-1.8409,0.6227,0.0,0.0,0.16666666666666666,0.25,,False,False,False,True,-1.0,0.0,True,False
8af9ee35,BNBUSDT,crypto major,5m,short,583.1594642857143,585.01625,577.5891071428572,3.0,0.3184,0.4575,-2.133,0.6792,0.0,0.0,0.16666666666666666,,,False,False,False,True,-1.0,0.0,True,False
df3af402,BTCUSDT,crypto major,15m,short,61226.32178571429,61564.2525,60212.529642857146,3.0,0.5519,0.3613,-1.1176,0.6169,0.0,0.0,0.0,,,False,False,False,True,-1.0,0.0,True,False
974c8226,YAHOO:EURUSD=X,tradfi (index/metal/oil/fx),1h,short,1.1538431133542741,1.1556881666183472,1.1483079535620553,3.0,0.1599,0.455,-1.1341,0.1814,0.0,0.0,0.0,,,False,False,False,True,-1.0,0.0,True,False
4aa94f9e,YAHOO:GBPUSD=X,tradfi (index/metal/oil/fx),1h,short,1.3363061887877328,1.3386463522911072,1.3292856982776096,3.0,0.1751,0.5173,-1.24,0.2172,0.0,0.0,0.0,0.0,,False,False,False,True,-1.0,0.0,True,False
aa476e43,AVAXUSDT,crypto major,15m,short,6.406732142857143,6.477125,6.195553571428571,3.0,1.0987,0.3798,-3.3138,3.641,0.0,0.0,0.0,,,False,False,False,True,-1.0,0.0,True,False
6e727372,AVAXUSDT,crypto major,1h,short,6.421339285714286,6.5733749999999995,5.965232142857143,3.0,2.3677,0.2653,-1.4382,3.4052,0.0,0.0,0.0,,,False,False,False,True,-1.0,0.0,True,False
37ff94f6,LINKUSDT,crypto major,1h,short,7.607678571428572,7.76775,7.127464285714287,3.0,2.1041,0.2979,-1.4076,2.9618,0.0,0.0,0.0,,,False,False,False,True,-1.0,0.0,True,False
075220df,BTCUSDT,crypto major,5m,long,62594.64535714286,62395.957500000004,63190.708928571425,3.0,0.3174,3.3347,-0.4764,0.1512,0.0,0.0,0.0,0.0,0.6666666666666666,True,True,True,False,3.0,0.0,False,True
cba771aa,BNBUSDT,crypto major,5m,long,594.9592857142857,593.2149999999999,600.1921428571429,3.0,0.2932,5.0512,-0.7105,0.2083,0.0,0.0,0.0,0.5833333333333333,2.083333333333333,True,True,True,False,3.0,0.0,False,True
8b434b75,SOLUSDT,crypto major,5m,long,65.05410714285713,64.77874999999999,65.88017857142856,3.0,0.4233,1.7283,-1.0318,0.4367,0.0,0.0,0.0,0.08333333333333333,0.6666666666666666,True,False,False,True,-1.0,0.0,True,False
f396da9a,ETHUSDT,crypto major,5m,long,1657.759464285714,1654.27625,1668.209107142857,3.0,0.2101,4.519,-4.49,0.9434,0.0,0.0,0.0,0.25,0.5833333333333333,True,True,True,False,3.0,0.0,False,True
32cecb85,YAHOO:EURUSD=X,tradfi (index/metal/oil/fx),1h,short,1.153619178703853,1.1549188494682312,1.1497201664107186,3.0,0.1127,2.3111,-2.2967,0.2588,0.0,0.0,0.0,0.0,3.0,True,True,False,True,-1.0,0.0,True,False
f932ae08,YAHOO:GBPUSD=X,tradfi (index/metal/oil/fx),1h,short,1.3362076537949699,1.337850034236908,1.3312805124691556,3.0,0.1229,2.1937,-2.4717,0.3038,0.0,0.0,0.0,0.0,2.0,True,True,False,True,-1.0,0.0,True,False
17c35718,BNBUSDT,crypto major,5m,long,601.1155357142857,599.52875,605.8758928571427,3.0,0.264,1.7548,-3.2049,0.846,0.0,0.0,0.0,3.4166666666666665,3.4166666666666665,True,False,False,True,-1.0,0.0,True,False
2dc2036f,SOLUSDT,crypto major,5m,long,65.48232142857142,65.19624999999999,66.34053571428572,3.0,0.4369,4.4313,-1.721,0.7518,0.0,0.0,0.5,0.5,0.75,True,True,True,True,-1.0,-1.0,False,False
87e22ca5,AVAXUSDT,crypto major,5m,long,6.585339285714285,6.5573749999999995,6.669232142857142,3.0,0.4246,2.4195,-3.91,1.6603,0.0,0.0,0.0,3.4166666666666665,3.4166666666666665,True,True,False,True,-1.0,0.0,True,False
df5a7ae8,LINKUSDT,crypto major,5m,long,7.8148928571428575,7.78425,7.90682142857143,3.0,0.3921,2.3205,-4.141,1.6237,0.0,3.4166666666666665,3.4166666666666665,3.4166666666666665,3.4166666666666665,True,True,False,True,-1.0,-1.0,False,False
4120a848,BTCUSDT,crypto major,15m,long,62992.18214285714,62639.875,64049.10357142857,3.0,0.5593,1.4098,-1.8285,1.0226,0.0,0.0,3.25,3.25,3.25,True,False,False,True,-1.0,-1.0,False,False
0bee2b4a,YAHOO:CL=F,tradfi (index/metal/oil/fx),1h,short,89.433929170881,90.9575023651123,84.86320958818709,3.0,1.7036,1.8994,-1.3561,2.3102,2.0,2.0,2.0,2.0,2.0,True,False,False,True,-1.0,-1.0,False,False
d6c52776,YAHOO:BZ=F,tradfi (index/metal/oil/fx),1h,short,92.27982275826591,93.71875381469727,87.96302958897182,3.0,1.5593,1.9666,-1.2163,1.8966,2.0,2.0,2.0,2.0,2.0,True,False,False,True,-1.0,-1.0,False,False
97033e6f,BTCUSDT,crypto major,15m,long,63420.59982142857,63002.45875,64675.02303571429,3.0,0.6593,2.329,-1.4129,0.9315,0.5,0.5,0.5,1.5,8.0,True,True,False,True,-1.0,0.0,True,False
6dded0cd,BNBUSDT,crypto major,15m,long,602.5766071428571,599.19625,612.7176785714286,3.0,0.561,3.1989,-1.774,0.9952,0.25,0.5,0.5,0.5,3.0,True,True,True,True,-1.0,0.0,True,False
26628473,SOLUSDT,crypto major,15m,long,66.75232142857143,66.10625,68.69053571428573,3.0,0.9679,3.2004,-1.2418,1.2019,0.5,0.5,0.5,0.5,13.0,True,True,True,True,-1.0,0.0,True,False
e3173d71,LINKUSDT,crypto major,15m,long,7.922696428571428,7.848875,8.144160714285714,3.0,0.9318,1.1962,-2.2987,2.1419,0.5,0.5,0.5,18.25,18.5,True,False,False,True,-1.0,0.0,True,False
228841ce,YAHOO:CL=F,tradfi (index/metal/oil/fx),1h,short,86.63732051849365,88.78125095367432,80.20552921295166,3.0,2.4746,2.7274,-0.2764,0.6841,0.0,0.0,0.0,0.0,10.0,True,True,False,False,2.5035,0.0,False,True
69d3739f,YAHOO:BZ=F,tradfi (index/metal/oil/fx),1h,short,89.06536047799247,91.0775032043457,83.02893229893276,3.0,2.2592,2.6715,-0.3999,0.9034,0.0,0.0,0.0,0.0,10.0,True,True,False,False,2.423,0.0,False,True
d121b526,YAHOO:ZW=F,tradfi (index/metal/oil/fx),1h,short,587.2589285714286,593.3125,569.0982142857142,3.0,1.0308,1.2404,-1.1549,1.1905,0.0,0.0,0.0,7.0,8.0,True,False,False,True,-1.0,0.0,True,False
83d6ea98,YAHOO:ZC=F,tradfi (index/metal/oil/fx),1h,short,411.55357142857144,414.875,401.5892857142857,3.0,0.807,0.9194,-1.6398,1.3234,0.0,8.0,8.0,8.0,,False,False,False,True,-1.0,0.0,True,False
1dce4c44,YAHOO:ZS=F,tradfi (index/metal/oil/fx),1h,short,1116.6473214285713,1122.03125,1100.4955357142856,3.0,0.4822,1.374,-2.8516,1.3749,0.0,0.0,0.0,0.0,8.0,True,False,False,True,-1.0,0.0,True,False
650cb385,BTCUSDT,crypto major,5m,long,63511.64089285714,63401.36625,63842.46482142857,3.0,0.1736,2.7057,-1.357,0.2356,0.0,0.0,0.0,0.0,0.75,True,True,False,True,-1.0,0.0,True,False
94714410,ETHUSDT,crypto major,5m,long,1676.7985714285714,1672.65,1689.2442857142858,3.0,0.2474,0.5909,-1.593,0.3941,0.0,0.0,0.0,0.0,,False,False,False,True,-1.0,0.0,True,False
7bb9d07b,BNBUSDT,crypto major,5m,long,603.4689285714286,602.4425,606.5482142857143,3.0,0.1701,9.6656,-6.7116,1.1416,0.0,0.41666666666666663,0.5,0.5,0.5,True,True,True,True,-1.0,-1.0,False,False
fdceea05,SOLUSDT,crypto major,5m,long,66.96464285714286,66.75250000000001,67.60107142857143,3.0,0.3168,0.7795,-1.2946,0.4101,0.0,0.0,0.0,0.75,,False,False,False,True,-1.0,0.0,True,False
6fc5d9fa,AVAXUSDT,crypto major,5m,long,6.647785714285714,6.6285,6.705642857142856,3.0,0.2901,1.2556,-1.1296,0.3277,0.0,0.0,0.0,0.0,0.75,True,False,False,True,-1.0,0.0,True,False
1d0e7f3f,YAHOO:ZB=F,tradfi (index/metal/oil/fx),1h,long,112.65178571428571,112.25,113.85714285714285,3.0,0.3567,0.8667,-1.4667,0.5231,0.0,7.0,7.0,7.0,,False,False,False,True,-1.0,0.0,True,False
2c9e4ce1,AVAXUSDT,crypto major,15m,short,6.589767857142856,6.624375,6.4859464285714274,3.0,0.5252,0.4845,-1.307,0.6864,0.0,0.0,0.0,,,False,False,False,True,-1.0,0.0,True,False
1ee30866,XRPUSDT,crypto major,1h,short,1.1333785714285713,1.14885,1.0869642857142856,3.0,1.3651,0.2248,-1.0485,1.4312,0.0,0.0,,,,False,False,False,True,-1.0,-1.0,False,False
cc532806,AVAXUSDT,crypto major,1h,short,6.601053571428571,6.703375,6.294089285714286,3.0,1.5501,0.3133,-1.5534,2.4079,0.0,0.0,2.0,,,False,False,False,True,-1.0,0.0,True,False
0632ec03,ETHUSDT,crypto major,4h,short,1672.4398214285713,1713.95875,1547.8830357142856,3.0,2.4825,0.4225,-1.4413,3.578,0.0,0.0,36.0,,,False,False,False,True,-1.0,0.0,True,False
3363ac4b,SOLUSDT,crypto major,5m,long,66.91392857142857,66.75750000000001,67.38321428571427,3.0,0.2338,3.8105,-1.8151,0.4243,0.0,0.0,0.0,0.0,0.5,True,True,True,False,3.0,0.0,False,True
8758aeb2,LINKUSDT,crypto major,5m,long,7.88725,7.870749999999999,7.93675,3.0,0.2092,3.7424,-1.1667,0.2441,0.0,0.0,0.0,0.08333333333333333,0.6666666666666666,True,True,True,False,3.0,0.0,False,True
7704b4ac,DOGEUSDT,crypto major,4h,short,0.08639714285714285,0.08907999999999999,0.07834857142857142,3.0,3.1053,0.2673,-1.0186,3.1631,0.0,0.0,32.0,,,False,False,False,True,-1.0,0.0,True,False
7cc295f9,BTCUSDT,crypto major,4h,short,63756.91160714286,64863.20125,60438.04267857143,3.0,1.7352,0.0706,-1.8468,3.2045,0.0,,,,,False,False,False,True,-1.0,-1.0,False,False
221cfc56,BNBUSDT,crypto major,4h,short,602.0391071428571,612.11375,571.8151785714286,3.0,1.6734,-0.0676,-1.0215,1.7093,,,,,,False,False,False,False,-1.0,-1.0,False,False
d42c53b4,SOLUSDT,crypto major,4h,short,67.12875,68.98124999999999,61.57125,3.0,2.7596,-0.0709,-1.3286,3.6665,,,,,,False,False,False,False,-1.0,-1.0,False,False
935b0c25,SOLUSDT,crypto major,5m,long,67.47089285714286,67.29625,67.99482142857143,3.0,0.2588,2.8006,-1.0358,0.2681,0.0,0.0,0.0,1.4166666666666665,1.8333333333333333,True,True,False,True,-1.0,0.0,True,False
4983d538,ADAUSDT,crypto major,5m,long,0.1730767857142857,0.17233749999999998,0.17529464285714286,3.0,0.4271,1.1135,-1.3213,0.5644,0.0,0.0,1.75,1.75,1.8333333333333333,True,False,False,True,-1.0,-1.0,False,False
218c69fb,AVAXUSDT,crypto major,5m,long,6.666892857142857,6.64825,6.722821428571428,3.0,0.2796,0.5958,-1.9789,0.5534,0.0,0.0,1.9166666666666665,2.083333333333333,,False,False,False,True,-1.0,-1.0,False,False
5c4151b5,LINKUSDT,crypto major,5m,long,7.975839285714286,7.956875,8.032732142857142,3.0,0.2378,0.9049,-1.468,0.349,0.0,0.0,1.8333333333333333,1.9166666666666665,,False,False,False,True,-1.0,-1.0,False,False
5ce8a765,BTCUSDT,crypto major,15m,long,63817.25178571428,63693.6625,64188.019642857136,3.0,0.1937,3.4682,-0.7337,0.1421,0.0,0.0,1.0,1.0,1.5,True,True,True,False,3.0,0.0,False,True
04fd52d4,ADAUSDT,crypto major,5m,long,0.1739,0.1733,0.1757,3.0,0.345,3.1667,-0.5,0.1725,0.0,0.0,0.0,0.0,0.0,True,True,True,False,3.0,0.0,False,True
44a37733,AVAXUSDT,crypto major,5m,long,6.675339285714285,6.659375,6.723232142857142,3.0,0.2392,5.3031,-0.3971,0.095,0.0,0.0,0.0,0.0,0.5,True,True,True,False,3.0,0.0,False,True
4310230b,LINKUSDT,crypto major,5m,long,7.993910714285714,7.975374999999999,8.049517857142858,3.0,0.2319,2.7023,-3.0164,0.6994,0.0,0.0,0.0,0.0,0.5,True,True,False,True,-1.0,0.0,True,False
e91eef3a,XRPUSDT,crypto major,15m,long,1.151707142857143,1.1475500000000003,1.1641785714285715,3.0,0.361,1.2732,-1.854,0.6692,0.0,0.0,0.0,0.0,0.0,True,False,False,True,-1.0,0.0,True,False
97e5b5fd,DOGEUSDT,crypto major,15m,long,0.08806410714285715,0.08760875,0.08943017857142858,3.0,0.5171,1.682,-1.4804,0.7655,0.0,0.0,0.0,0.0,0.75,True,False,False,True,-1.0,0.0,True,False
2873aac2,BNBUSDT,crypto major,5m,long,609.3253571428571,608.1574999999999,612.8289285714286,3.0,0.1917,0.9972,-1.5716,0.3012,0.0,0.0,0.0,0.0,,False,False,False,True,-1.0,0.0,True,False
06338933,DOTUSDT,crypto major,5m,long,0.9892857142857143,0.985,1.0021428571428572,3.0,0.4332,0.6333,-2.4,1.0397,0.0,0.0,0.0,0.0,,False,False,False,True,-1.0,0.0,True,False
3d298071,BTCUSDT,crypto major,15m,long,64183.545535714286,64034.77875,64629.84589285714,3.0,0.2318,0.8333,-1.7712,0.4105,0.0,0.0,0.0,0.0,,False,False,False,True,-1.0,-1.0,False,False
c47c2172,AVAXUSDT,crypto major,5m,long,6.708553571428571,6.681875,6.788589285714285,3.0,0.3977,2.5281,-0.9578,0.3809,0.0,0.0,0.75,0.9166666666666666,3.833333333333333,True,True,False,False,0.3916,0.0,False,True
d1ce662b,BTCUSDT,crypto major,5m,long,64236.62196428571,64146.573749999996,64506.766607142854,3.0,0.1402,5.843,-0.5388,0.0755,0.0,0.0,0.0,0.0,0.08333333333333333,True,True,True,False,3.0,0.0,False,True
94ae2acd,BNBUSDT,crypto major,5m,long,607.855,607.105,610.105,3.0,0.1234,5.9667,-0.2333,0.0288,0.0,0.0,0.0,0.0,0.08333333333333333,True,True,True,False,3.0,3.0,False,False
f15ce72a,SOLUSDT,crypto major,5m,long,68.13196428571428,67.96374999999999,68.63660714285713,3.0,0.2469,8.6677,-0.4873,0.1203,0.0,0.0,0.0,0.0,1.0,True,True,True,False,3.0,0.0,False,True
66d42081,LINKUSDT,crypto major,15m,long,7.974089285714285,7.932625,8.098482142857142,3.0,0.52,1.8307,-2.1245,1.1047,0.0,0.0,0.0,0.75,1.5,True,False,False,True,-1.0,0.0,True,False
6a2afb9a,AVAXUSDT,crypto major,15m,long,6.709410714285715,6.681875000000001,6.7920178571428576,3.0,0.4104,2.4183,-2.4481,1.0047,0.0,0.0,0.0,0.0,0.0,True,True,False,True,-1.0,0.0,True,False
14341a26,DOGEUSDT,crypto major,5m,long,0.0879119642857143,0.08774375000000001,0.08841660714285715,3.0,0.1913,1.4745,-2.0329,0.389,0.0,0.0,0.08333333333333333,0.08333333333333333,3.083333333333333,True,False,False,True,-1.0,0.0,True,False
9598f0d1,DOTUSDT,crypto major,5m,long,0.9815535714285714,0.9788749999999999,0.9895892857142856,3.0,0.2729,1.2867,-2.82,0.7696,0.0,0.0,0.0,0.0,2.9166666666666665,True,False,False,True,-1.0,0.0,True,False
bcffa3ce,XRPUSDT,crypto major,15m,long,1.151814285714286,1.1477000000000002,1.164157142857143,3.0,0.3572,0.4583,-2.2153,0.7913,1.5,1.5,1.5,,,False,False,False,True,-1.0,-1.0,False,False
1535d959,BTCUSDT,crypto major,15m,long,64447.080714285716,64299.245,64890.587857142855,3.0,0.2294,1.4673,-1.3737,0.3151,0.0,0.0,0.75,0.75,1.0,True,False,False,True,-1.0,0.0,True,False
44868a4a,BNBUSDT,crypto major,15m,long,611.0626785714286,609.51875,615.6944642857144,3.0,0.2527,1.2742,-3.7066,0.9365,0.0,0.0,0.0,0.75,0.75,True,False,False,True,-1.0,0.0,True,False
fb0a0619,AVAXUSDT,crypto major,4h,short,6.682285714285714,6.822,6.263142857142857,3.0,2.0908,1.9274,-2.5245,5.2783,0.0,0.0,0.0,0.0,0.0,True,False,False,True,-1.0,0.0,True,False
f6eaa41c,ADAUSDT,crypto major,1h,short,0.16794464285714286,0.1700125,0.16174107142857144,3.0,1.2313,0.6019,-4.3307,5.3323,0.0,0.0,0.0,0.0,,False,False,False,True,-1.0,-1.0,False,False
08ec641f,DOGEUSDT,crypto major,1h,short,0.08664625,0.08734374999999998,0.08455375000000001,3.0,0.805,0.7115,-3.5609,2.8665,0.0,0.0,0.0,0.0,,False,False,False,True,-1.0,0.0,True,False
effd6ba2,AVAXUSDT,crypto major,1h,short,6.59025,6.6457500000000005,6.42375,3.0,0.8422,2.4189,-3.2568,2.7427,0.0,0.0,0.0,0.0,0.0,True,True,False,True,-1.0,-1.0,False,False
4f2cfc71,LINKUSDT,crypto major,1h,short,7.8893571428571425,7.951499999999999,7.702928571428571,3.0,0.7877,0.6172,-4.146,3.2657,0.0,0.0,0.0,0.0,,False,False,False,True,-1.0,-1.0,False,False
6f61722b,DOTUSDT,crypto major,1h,short,0.9635892857142857,0.973125,0.9349821428571429,3.0,0.9896,0.9007,-3.0843,3.0522,0.0,0.0,0.0,0.0,,False,False,False,True,-1.0,-1.0,False,False
90221203,XRPUSDT,crypto major,4h,short,1.1383607142857142,1.1579249999999999,1.079667857142857,3.0,1.7186,0.3916,-2.527,4.343,0.0,0.0,0.0,,,False,False,False,True,-1.0,0.0,True,False
7dc43665,SOLUSDT,crypto major,4h,short,67.73142857142858,69.24000000000001,63.2057142857143,3.0,2.2273,0.1932,-2.6506,5.9036,0.0,0.0,,,,False,False,False,True,-1.0,-1.0,False,False
4dcf3d30,BNBUSDT,crypto major,1h,short,603.6923214285715,607.4262500000001,592.4905357142858,3.0,0.6185,-0.2779,-3.6283,2.2441,,,,,,False,False,False,False,-1.0,-1.0,False,False
3d20282a,BNBUSDT,crypto major,2h,short,603.7923214285715,608.1262500000001,590.7905357142857,3.0,0.7178,-1.82,-3.2967,2.3663,,,,,,False,False,False,False,-1.0,-1.0,False,False
805a72b7,BTCUSDT,crypto major,15m,long,65113.420178571425,64735.001249999994,66248.67696428571,3.0,0.5812,4.8512,-0.2997,0.1742,0.0,0.0,0.0,0.25,0.25,True,True,True,False,3.0,3.0,False,False
5d0aeddc,SOLUSDT,crypto major,15m,long,70.03267857142858,69.38875,71.96446428571429,3.0,0.9195,6.5183,-0.175,0.1609,0.0,0.0,0.0,0.0,0.25,True,True,True,False,3.0,3.0,False,False
4ea4a981,ETHUSDT,crypto major,15m,long,1725.4603571428572,1707.8225,1778.3739285714287,3.0,1.0222,5.7949,-0.8958,0.9157,0.0,0.0,0.0,10.5,10.5,True,True,True,False,3.0,0.0,False,True
b408cb27,BNBUSDT,crypto major,15m,long,616.6016071428571,612.71125,628.2726785714285,3.0,0.6309,0.6165,-1.0132,0.6392,0.0,0.0,0.0,5.75,,False,False,False,True,-1.0,0.0,True,False
14779026,ADAUSDT,crypto major,15m,long,0.18511785714285714,0.18162499999999998,0.19559642857142856,3.0,1.8868,0.5102,-1.637,3.0888,0.0,0.0,0.0,0.0,,False,False,False,True,-1.0,0.0,True,False
a9b0d5f9,LINKUSDT,crypto major,15m,long,8.178696428571428,8.092875,8.436160714285714,3.0,1.0493,3.9886,-0.8587,0.9011,0.0,0.0,0.0,6.0,10.5,True,True,True,False,3.0,0.0,False,True
8c8d0338,DOTUSDT,crypto major,15m,long,0.9970178571428572,0.985125,1.0326964285714286,3.0,1.1928,1.1757,-1.0105,1.2054,0.0,0.0,0.0,3.25,5.0,True,False,False,True,-1.0,0.0,True,False
533b5357,YAHOO:CL=F,tradfi (index/metal/oil/fx),1h,short,81.17268126351493,82.9887523651123,75.7244679587228,3.0,2.2373,3.5421,-0.2408,0.5388,0.0,0.0,0.0,1.0,29.0,True,True,True,False,3.0,0.0,False,True
a62969f1,YAHOO:BZ=F,tradfi (index/metal/oil/fx),1h,short,84.06214209965297,85.75500202178955,78.98356233324324,3.0,2.0138,3.3152,-0.0519,0.1045,0.0,0.0,0.0,1.0,29.0,True,True,True,False,3.0,3.0,False,False
d897b89c,YAHOO:ZB=F,tradfi (index/metal/oil/fx),1h,long,113.00558035714286,112.6640625,114.03013392857143,3.0,0.3022,0.3497,-1.1144,0.3368,0.0,0.0,0.0,,,False,False,False,True,-1.0,0.0,True,False
ee295d43,AVAXUSDT,crypto major,15m,long,6.788642857142857,6.750500000000001,6.903071428571429,3.0,0.5619,5.8034,-1.2753,0.7165,0.0,0.0,0.75,4.25,4.25,True,True,True,True,-1.0,0.0,True,False
cb406886,YAHOO:ZW=F,tradfi (index/metal/oil/fx),1h,short,580.2544642857143,584.78125,566.6741071428572,3.0,0.7801,0.8846,-2.3738,1.8519,0.0,0.0,0.0,0.0,,False,False,False,True,-1.0,-1.0,False,False
5b86cd42,YAHOO:ZC=F,tradfi (index/metal/oil/fx),1h,short,410.5044642857143,413.53125,401.4241071428571,3.0,0.7373,1.4056,-2.0634,1.5214,0.0,0.0,0.0,0.0,0.0,True,False,False,True,-1.0,0.0,True,False
7f380cb3,BNBUSDT,crypto major,15m,long,628.5776785714286,625.08375,639.0594642857143,3.0,0.5558,0.6904,-1.8683,1.0385,0.0,0.0,0.0,0.0,,False,False,False,True,-1.0,0.0,True,False
c3120e14,XRPUSDT,crypto major,15m,long,1.2375660714285714,1.2211625000000002,1.2867767857142856,3.0,1.3255,3.4099,-2.8997,3.8435,0.0,0.0,0.0,0.0,1.5,True,True,True,True,-1.0,0.0,True,False
d64ceccb,ADAUSDT,crypto major,15m,long,0.18754285714285715,0.18480000000000002,0.19577142857142857,3.0,1.4625,0.8958,-3.0052,4.3952,0.0,0.0,0.0,0.25,,False,False,False,True,-1.0,0.0,True,False
4369754d,DOGEUSDT,crypto major,15m,long,0.09049517857142857,0.08986625,0.09238196428571428,3.0,0.695,0.5483,-2.266,1.5749,0.0,0.0,0.0,0.0,,False,False,False,True,-1.0,0.0,True,False
541800f3,DOTUSDT,crypto major,15m,long,1.0331249999999998,1.0218749999999999,1.0668749999999998,3.0,1.0889,1.2333,-1.7,1.8512,0.0,0.0,0.0,1.5,1.75,True,False,False,True,-1.0,0.0,True,False
88201f0c,YAHOO:ZS=F,tradfi (index/metal/oil/fx),1h,short,1104.1160714285713,1112.3125,1079.5267857142856,3.0,0.7424,-0.1688,-3.8595,2.8651,,,,,,False,False,False,False,-1.0,-1.0,False,False
93d42846,YAHOO:CC=F,tradfi (index/metal/oil/fx),1h,long,4137.982142857143,4017.8750000000005,4498.303571428572,3.0,2.9026,-0.208,-1.5318,4.4462,,,,,,False,False,False,False,-1.0,-1.0,False,False
b68189e0,BTCUSDT,crypto major,5m,long,66822.75160714285,66679.06125,67253.82267857142,3.0,0.215,0.6768,-3.5382,0.7608,0.0,0.0,0.0,0.25,,False,False,False,True,-1.0,0.0,True,False
df164035,XRPUSDT,crypto major,5m,long,1.2773535714285713,1.269275,1.3015892857142854,3.0,0.6324,1.7635,-3.5469,2.2432,0.0,0.0,0.0,0.0,0.25,True,False,False,True,-1.0,0.0,True,False
2a0c92dd,ADAUSDT,crypto major,5m,long,0.18780357142857143,0.18662499999999999,0.19133928571428574,3.0,0.6276,0.7606,-6.8758,4.3149,0.0,0.0,0.0,0.25,,False,False,False,True,-1.0,0.0,True,False
b826d869,NEARUSDT,crypto alt,5m,long,2.4868750000000004,2.4681250000000006,2.5431250000000003,3.0,0.754,2.1933,-3.14,2.3674,0.0,0.0,0.0,0.0,0.0,True,True,False,True,-1.0,0.0,True,False
3e585095,ETCUSDT,crypto alt,5m,long,7.55125,7.498749999999999,7.708749999999999,3.0,0.6952,0.1667,-2.881,2.003,0.0,0.0,,,,False,False,False,True,-1.0,-1.0,False,False
5e096ae1,FILUSDT,crypto alt,5m,long,0.8153392857142857,0.8113750000000001,0.8272321428571427,3.0,0.4862,0.1667,-4.3739,2.1266,0.25,0.25,,,,False,False,False,True,-1.0,-1.0,False,False
eb7e07b4,HBARUSDT,crypto alt,5m,long,0.08331785714285714,0.08294499999999999,0.08443642857142857,3.0,0.4475,0.8372,-2.3008,1.0296,0.0,0.08333333333333333,0.16666666666666666,0.41666666666666663,,False,False,False,True,-1.0,0.0,True,False
e8b06b5a,OPUSDT,crypto alt,5m,long,0.11134464285714285,0.11101249999999999,0.11234107142857144,3.0,0.2983,0.1667,-7.9624,2.3752,0.0,0.0,,,,False,False,False,True,-1.0,-1.0,False,False
f283237f,VETUSDT,crypto alt,5m,long,0.005364267857142857,0.005317875,0.00550344642857143,3.0,0.8648,0.2313,-2.1397,1.8505,0.25,0.3333333333333333,,,,False,False,False,True,-1.0,-1.0,False,False
725ec072,INJUSDT,crypto alt,5m,long,5.666232142857143,5.6076250000000005,5.842053571428571,3.0,1.0343,1.2416,-1.8638,1.9278,0.0,0.0,0.0,0.25,2.583333333333333,True,False,False,True,-1.0,0.0,True,False
bd6ffa94,AAVEUSDT,crypto alt,5m,long,75.75517857142857,75.30624999999999,77.1019642857143,3.0,0.5926,0.5008,-4.0211,2.3829,0.0,0.0,0.0,0.0,,False,False,False,True,-1.0,0.0,True,False
9f4e7d67,EGLDUSDT,crypto alt,5m,long,3.128214285714286,3.1175,3.1603571428571424,3.0,0.3425,0.1667,-7.3,2.5003,0.0,0.0,,,,False,False,False,True,-1.0,-1.0,False,False
d76c44f1,FLOWUSDT,crypto alt,5m,long,0.029486785714285712,0.029407499999999996,0.029724642857142856,3.0,0.2689,15.3018,-4.3739,1.1761,0.0,0.25,0.25,0.25,2.6666666666666665,True,True,True,True,-1.0,0.0,True,False
71824d3e,XTZUSDT,crypto alt,5m,long,0.2460982142857143,0.2454875,0.2479303571428572,3.0,0.2482,0.0029,-7.2018,1.7872,0.0,,,,,False,False,False,True,-1.0,-1.0,False,False
2cdbb215,SNXUSDT,crypto alt,5m,long,0.26267857142857143,0.26075,0.2684642857142857,3.0,0.7342,1.2037,-3.9815,2.9232,0.0,0.0,0.25,0.25,0.25,True,False,False,True,-1.0,0.0,True,False
c78dee7d,GMXUSDT,crypto alt,5m,long,6.036607142857143,6.01625,6.097678571428571,3.0,0.3372,0.1667,-4.2544,1.4347,0.0,0.0,,,,False,False,False,True,-1.0,-1.0,False,False
31ab8df5,ZECUSDT,crypto alt,5m,long,529.8685714285714,525.8399999999999,541.9542857142857,3.0,0.7603,0.395,-3.5592,2.7061,0.0,0.0,0.0,,,False,False,False,True,-1.0,0.0,True,False
0007b318,CELOUSDT,crypto alt,5m,long,0.06550874999999999,0.06526124999999999,0.06625124999999998,3.0,0.3778,0.2879,-5.0051,1.891,0.0,0.0,0.0,,,False,False,False,True,-1.0,0.0,True,False
6e509cbe,KNCUSDT,crypto alt,5m,long,0.12669107142857144,0.12663750000000001,0.1268517857142857,3.0,0.0423,-5.4333,-48.3667,2.0452,,,,,,False,False,False,False,-1.0,-1.0,False,False
8668e9e3,STORJUSDT,crypto alt,5m,long,0.0801625,0.0799375,0.08083749999999998,3.0,0.2807,-1.1667,-7.3889,2.0739,,,,,,False,False,False,False,-1.0,-1.0,False,False
9a579149,CVCUSDT,crypto alt,5m,long,0.023924107142857143,0.02388875,0.02403017857142857,3.0,0.1478,-1.5303,-11.4293,1.6891,,,,,,False,False,False,False,-1.0,-1.0,False,False
b8132337,NMRUSDT,crypto alt,5m,long,8.707857142857144,8.695,8.746428571428572,3.0,0.1476,-1.3889,-9.9444,1.4683,,,,,,False,False,False,False,-1.0,-1.0,False,False
0cdb23b7,BNTUSDT,crypto alt,5m,long,0.28833214285714287,0.28792500000000004,0.2895535714285714,3.0,0.1412,0.9035,-8.4298,1.1903,0.16666666666666666,0.16666666666666666,0.25,0.25,,False,False,False,True,-1.0,-1.0,False,False
c99c4b5a,ENSUSDT,crypto alt,5m,long,5.472857142857143,5.430000000000001,5.6014285714285705,3.0,0.7831,0.6333,-3.3333,2.6103,0.0,0.0,0.0,0.25,,False,False,False,True,-1.0,0.0,True,False
b45681de,PEOPLEUSDT,crypto alt,5m,long,0.0058562499999999995,0.0058337499999999995,0.005923749999999999,3.0,0.3842,0.1667,-4.2778,1.6435,0.0,0.0,,,,False,False,False,True,-1.0,-1.0,False,False
57c7dd33,ETHUSDT,crypto major,15m,long,1827.6917857142857,1814.2625,1867.9796428571428,3.0,0.7348,0.5874,-1.3524,0.9937,0.0,0.0,0.0,0.25,,False,False,False,True,-1.0,0.0,True,False
691cb69a,AVAXUSDT,crypto major,15m,long,6.992553571428571,6.929875,7.180589285714285,3.0,0.8964,0.4379,-2.1467,1.9242,0.0,0.0,0.0,,,False,False,False,True,-1.0,0.0,True,False
41353675,LTCUSDT,crypto major,15m,long,45.799464285714286,45.43625,46.88910714285714,3.0,0.7931,0.3594,-1.0723,0.8504,0.0,0.0,0.0,,,False,False,False,True,-1.0,0.0,True,False
aacc9db2,BCHUSDT,crypto major,15m,long,224.275,222.32500000000002,230.125,3.0,0.8695,1.6538,-1.8846,1.6386,0.0,0.0,0.0,1.5,1.5,True,False,False,True,-1.0,0.0,True,False
067e3379,NEARUSDT,crypto alt,15m,long,2.4830892857142857,2.447625,2.589482142857143,3.0,1.4282,1.2664,-1.5534,2.2186,0.0,0.0,0.0,0.0,0.0,True,False,False,True,-1.0,0.0,True,False
4fb9fb7e,ETCUSDT,crypto alt,15m,long,7.535357142857142,7.4475,7.798928571428571,3.0,1.1659,0.2805,-1.5407,1.7963,0.0,0.0,0.0,,,False,False,False,True,-1.0,0.0,True,False
ed8cce84,FILUSDT,crypto alt,15m,long,0.8137142857142857,0.806,0.8368571428571426,3.0,0.948,0.2963,-2.037,1.9312,0.0,0.0,0.25,,,False,False,False,True,-1.0,0.0,True,False
c8ccd3aa,HBARUSDT,crypto alt,15m,long,0.08317857142857142,0.08238999999999999,0.08554428571428571,3.0,0.948,0.5725,-1.4565,1.3809,0.0,0.0,0.0,0.25,,False,False,False,True,-1.0,0.0,True,False
f22ecebb,ARBUSDT,crypto alt,15m,long,0.08864285714285715,0.0877,0.09147142857142858,3.0,1.0637,0.2727,-2.0606,2.1918,0.0,0.0,0.25,,,False,False,False,True,-1.0,0.0,True,False
4b1ed940,OPUSDT,crypto alt,15m,long,0.11124642857142857,0.11032499999999999,0.11401071428571427,3.0,0.8283,0.1667,-2.7636,2.289,0.0,0.0,,,,False,False,False,True,-1.0,-1.0,False,False
96e7dbc8,VETUSDT,crypto alt,15m,long,0.005353321428571429,0.00527725,0.005581535714285714,3.0,1.421,0.285,-1.161,1.6498,0.0,0.0,0.5,,,False,False,False,True,-1.0,0.0,True,False
26e037e1,ALGOUSDT,crypto alt,15m,long,0.09615714285714286,0.0947,0.10052857142857143,3.0,1.5154,0.3725,-1.2745,1.9314,0.0,0.0,0.0,,,False,False,False,True,-1.0,0.0,True,False
5679d9db,QNTUSDT,crypto alt,15m,long,70.78589285714285,70.22125,72.47982142857143,3.0,0.7977,0.3792,-1.3918,1.1102,0.0,0.0,0.0,,,False,False,False,True,-1.0,0.0,True,False
e58071ac,STXUSDT,crypto alt,15m,long,0.19774464285714285,0.19621249999999998,0.20234107142857144,3.0,0.7748,0.1014,-2.3135,1.7925,0.0,0.0,,,,False,False,False,True,-1.0,-1.0,False,False
cd920311,SANDUSDT,crypto alt,15m,long,0.055049464285714285,0.05456625,0.05649910714285714,3.0,0.8778,0.2081,-2.1925,1.9246,0.0,0.0,,,,False,False,False,True,-1.0,-1.0,False,False
b96fc39c,AXSUSDT,crypto alt,15m,long,1.0122142857142857,1.0015,1.044357142857143,3.0,1.0585,0.26,-1.42,1.5031,0.0,0.25,0.25,,,False,False,False,True,-1.0,0.0,True,False
10cdd55c,FLOWUSDT,crypto alt,15m,long,0.029445714285714283,0.02924,0.03006285714285714,3.0,0.6986,7.8472,-1.4861,1.0382,0.0,0.0,0.0,0.0,2.25,True,True,True,True,-1.0,0.0,True,False
85af2ab7,XTZUSDT,crypto alt,15m,long,0.24554285714285715,0.2434,0.25197142857142857,3.0,0.8727,0.26,-1.7933,1.565,0.0,0.0,0.0,,,False,False,False,True,-1.0,0.0,True,False
91da075a,KAVAUSDT,crypto alt,15m,long,0.047026428571428566,0.046704999999999997,0.047990714285714275,3.0,0.6835,1.3178,-2.1044,1.4384,0.0,0.0,0.0,0.25,0.25,True,False,False,True,-1.0,0.0,True,False
57d9d3dd,SNXUSDT,crypto alt,15m,long,0.262375,0.258625,0.273625,3.0,1.4293,0.7,-1.9667,2.8109,0.0,0.0,0.25,0.25,,False,False,False,True,-1.0,0.0,True,False
bfd3ef59,GMXUSDT,crypto alt,15m,long,6.033214285714286,5.992500000000001,6.155357142857143,3.0,0.6748,0.1667,-2.0439,1.3793,0.0,0.0,,,,False,False,False,True,-1.0,-1.0,False,False
313c6b3c,ZECUSDT,crypto alt,15m,long,528.9123214285714,520.1062499999999,555.3305357142858,3.0,1.6649,0.2893,-1.5197,2.5302,0.0,0.0,0.0,,,False,False,False,True,-1.0,0.0,True,False
9a192f8a,DASHUSDT,crypto alt,15m,long,39.17214285714286,38.765,40.393571428571434,3.0,1.0394,0.9281,-2.093,2.1754,0.0,0.0,0.0,0.25,,False,False,False,True,-1.0,0.0,True,False
03f8f1f2,BATUSDT,crypto alt,15m,long,0.09347857142857142,0.09275,0.09566428571428572,3.0,0.7794,1.1275,-1.2059,0.9399,0.0,0.0,0.0,0.5,0.5,True,False,False,True,-1.0,0.0,True,False
c95bba91,NEOUSDT,crypto alt,15m,long,2.3104285714285715,2.295,2.3567142857142858,3.0,0.6678,0.1019,-1.9074,1.2737,0.0,0.0,,,,False,False,False,True,-1.0,-1.0,False,False
3d794da3,ROSEUSDT,crypto alt,15m,long,0.007000714285714286,0.0068850000000000005,0.007347857142857143,3.0,1.6529,0.6852,-1.1296,1.8672,0.0,0.0,0.0,0.25,,False,False,False,True,-1.0,0.0,True,False
058fa709,CELOUSDT,crypto alt,15m,long,0.06540178571428572,0.0648125,0.06716964285714287,3.0,0.901,0.3024,-1.9206,1.7305,0.0,0.0,0.0,,,False,False,False,True,-1.0,0.0,True,False
26ec8669,JUPUSDT,crypto alt,15m,long,0.19922857142857142,0.19519999999999998,0.2113142857142857,3.0,2.0221,0.1667,-1.695,3.4275,0.0,0.0,,,,False,False,False,True,-1.0,-1.0,False,False
12150712,ANKRUSDT,crypto alt,15m,long,0.004095535714285715,0.00406875,0.004175892857142857,3.0,0.654,0.1667,-2.0733,1.356,0.0,0.0,,,,False,False,False,True,-1.0,-1.0,False,False
9b6d89e6,KNCUSDT,crypto alt,15m,long,0.12659642857142858,0.125975,0.1284607142857143,3.0,0.4909,-0.3161,-4.0172,1.972,,,,,,False,False,False,False,-1.0,-1.0,False,False
c547b2e9,STORJUSDT,crypto alt,15m,long,0.08011785714285714,0.079625,0.08159642857142857,3.0,0.6152,-0.442,-3.2826,2.0193,,,,,,False,False,False,False,-1.0,-1.0,False,False
de67536e,CVCUSDT,crypto alt,15m,long,0.023907678571428573,0.023773750000000003,0.024309464285714285,3.0,0.5602,-0.2813,-2.8947,1.6216,,,,,,False,False,False,False,-1.0,-1.0,False,False
f8a89eef,SKLUSDT,crypto alt,15m,long,0.004509285714285714,0.004444999999999999,0.004702142857142858,3.0,1.4256,0.1667,-1.2333,1.7583,0.0,0.25,,,,False,False,False,True,-1.0,-1.0,False,False
7e4097db,RLCUSDT,crypto alt,15m,long,0.3592410714285714,0.3570875,0.3657017857142857,3.0,0.5995,-0.1119,-2.7587,1.6538,,,,,,False,False,False,False,-1.0,-1.0,False,False
7caf0d73,NMRUSDT,crypto alt,15m,long,8.700892857142858,8.64625,8.864821428571428,3.0,0.628,-0.1993,-2.2124,1.3894,,,,,,False,False,False,False,-1.0,-1.0,False,False
c4e89a10,ENSUSDT,crypto alt,15m,long,5.449107142857143,5.3237499999999995,5.825178571428571,3.0,2.3005,0.406,-1.0299,2.3693,0.0,0.0,0.0,,,False,False,False,True,-1.0,0.0,True,False
ccc6b4b9,GMTUSDT,crypto alt,15m,long,0.008548571428571428,0.00848,0.008754285714285714,3.0,0.8021,0.1667,-2.6042,2.0889,0.0,0.0,,,,False,False,False,True,-1.0,-1.0,False,False
93cf7ffe,DODOUSDT,crypto alt,15m,long,0.015833392857142855,0.01567375,0.016312321428571423,3.0,1.0083,2.0459,-1.0861,1.0951,0.0,0.0,0.75,1.25,2.25,True,True,False,True,-1.0,-1.0,False,False
ca8488b7,PEOPLEUSDT,crypto alt,15m,long,0.005850892857142857,0.005796249999999999,0.006014821428571429,3.0,0.9339,0.1667,-1.6634,1.5535,0.0,0.0,,,,False,False,False,True,-1.0,-1.0,False,False
5bd16092,MAGICUSDT,crypto alt,15m,long,0.04902857142857143,0.0486,0.050314285714285714,3.0,0.8741,0.4,-1.4667,1.2821,0.0,0.0,0.0,,,False,False,False,True,-1.0,0.0,True,False
f751dc15,ARPAUSDT,crypto alt,15m,long,0.008771785714285715,0.008722500000000001,0.008919642857142857,3.0,0.5619,0.3696,-2.2681,1.2744,0.25,0.25,0.25,,,False,False,False,True,-1.0,0.0,True,False
76aabde4,XLMUSDT,crypto alt,1h,long,0.21814642857142857,0.202825,0.26411071428571425,3.0,7.0235,2.2096,-0.6492,4.5595,0.0,0.0,0.0,12.0,15.0,True,True,False,False,1.224,0.0,False,True
3d96ee89,PYTHUSDT,crypto alt,1h,long,0.03970357142857143,0.038525,0.043239285714285716,3.0,2.9684,0.8455,-1.1061,3.2833,0.0,0.0,1.0,1.0,,False,False,False,True,-1.0,0.0,True,False
b445c94e,INJUSDT,crypto alt,2h,long,5.609178571428571,5.3702499999999995,6.325964285714285,3.0,4.2596,2.0877,-1.1015,4.6919,0.0,0.0,0.0,0.0,10.0,True,True,False,True,-1.0,0.0,True,False
f3cb9666,CRVUSDT,crypto alt,2h,long,0.23621785714285715,0.228525,0.25929642857142854,3.0,3.2567,2.1555,-1.3802,4.4949,0.0,0.0,0.0,0.0,2.0,True,True,False,True,-1.0,0.0,True,False
a7a0db73,HIGHUSDT,crypto alt,2h,short,0.045535714285714284,0.04875,0.03589285714285713,3.0,7.0588,1.7222,-6.3667,44.9412,0.0,0.0,0.0,0.0,6.0,True,False,False,True,-1.0,0.0,True,False
0e1f0541,HIGHUSDT,crypto alt,4h,short,0.045642857142857145,0.0495,0.03407142857142857,3.0,8.4507,1.463,-5.2778,44.6009,0.0,0.0,0.0,0.0,12.0,True,False,False,True,-1.0,0.0,True,False
64ad3d1d,YAHOO:^GSPC,tradfi (index/metal/oil/fx),1h,long,7548.970450265067,7496.893737792969,7705.200587681361,3.0,0.6899,0.307,-1.1335,0.782,0.0,0.0,1.0,,,False,False,False,True,-1.0,0.0,True,False
98c29ebf,YAHOO:NG=F,tradfi (index/metal/oil/fx),1h,long,3.1399284856660024,3.103499948978424,3.2492140957287377,3.0,1.1602,3.5157,-0.3549,0.4117,0.0,0.0,0.0,2.0,2.0,True,True,True,False,3.0,0.0,False,True
b727763b,BCHUSDT,crypto major,5m,long,225.92499999999998,224.87499999999997,229.075,3.0,0.4648,1.2143,-2.6905,1.2504,0.0,0.0,0.0,0.0,0.0,True,False,False,True,-1.0,0.0,True,False
29ce637e,UNIUSDT,crypto alt,5m,long,2.7450892857142857,2.733625,2.779482142857143,3.0,0.4176,8.8894,-1.3162,0.5497,0.0,0.0,0.0,0.0,0.0,True,True,True,True,-1.0,0.0,True,False
31784045,CRVUSDT,crypto alt,5m,long,0.24196428571428572,0.24115,0.24440714285714285,3.0,0.3365,1.0263,-7.5702,2.5476,0.0,0.0,0.0,0.0,0.0,True,False,False,True,-1.0,0.0,True,False
b3731c4e,ENJUSDT,crypto alt,5m,long,0.03175089285714286,0.03157625000000001,0.032274821428571424,3.0,0.55,1.1973,-2.41,1.3256,0.0,0.0,0.0,0.16666666666666666,0.25,True,False,False,True,-1.0,0.0,True,False
bbc92899,TIAUSDT,crypto alt,5m,long,0.37227321428571425,0.36971249999999994,0.3799553571428571,3.0,0.6879,0.0886,-2.9965,2.0612,0.3333333333333333,,,,,False,False,False,True,-1.0,-1.0,False,False
74122351,WLDUSDT,crypto alt,5m,long,0.5972339285714285,0.5914375,0.6146232142857143,3.0,0.9705,2.0471,-2.4039,2.3331,0.0,0.0,0.0,0.0,0.0,True,True,False,True,-1.0,-1.0,False,False
64a45a87,UNIUSDT,crypto alt,15m,long,2.74275,2.71725,2.81925,3.0,0.9297,4.2059,-0.5,0.4649,0.0,0.0,0.0,0.0,0.0,True,True,True,False,3.0,0.0,False,True
2224ce22,AAVEUSDT,crypto alt,15m,long,74.17642857142857,73.495,76.2207142857143,3.0,0.9187,-0.0535,-1.7411,1.5995,,,,,,False,False,False,False,-1.0,-1.0,False,False
ca8fddff,CHZUSDT,crypto alt,15m,short,0.025549464285714286,0.02596625,0.024299107142857143,3.0,1.6313,4.7254,-0.2892,0.4718,0.0,0.0,0.25,0.25,0.5,True,True,True,False,3.0,3.0,False,False
e402c595,ENJUSDT,crypto alt,15m,long,0.031719107142857146,0.031413750000000004,0.03263517857142857,3.0,0.9627,0.3959,-1.2743,1.2267,0.0,0.0,0.0,,,False,False,False,True,-1.0,0.0,True,False
61896a5c,TIAUSDT,crypto alt,15m,long,0.37124107142857143,0.3660875,0.3867017857142857,3.0,1.3882,0.2443,-1.2886,1.7889,0.0,0.0,,,,False,False,False,True,-1.0,-1.0,False,False
85c0ae7d,WLDUSDT,crypto alt,15m,long,0.5962767857142857,0.5847374999999999,0.6308946428571428,3.0,1.9352,1.1113,-1.1246,2.1763,0.0,0.0,0.0,0.0,0.0,True,False,False,True,-1.0,0.0,True,False
568483f3,FETUSDT,crypto alt,15m,long,0.217775,0.21462499999999998,0.227225,3.0,1.4464,0.0397,-2.4683,3.5702,0.0,,,,,False,False,False,True,-1.0,-1.0,False,False
be223657,APEUSDT,crypto alt,1h,short,0.12930714285714284,0.13174999999999998,0.12197857142857141,3.0,1.8892,1.845,-1.1023,2.0825,0.0,0.0,0.0,1.0,1.0,True,False,False,True,-1.0,0.0,True,False
70b03df3,QNTUSDT,crypto alt,4h,long,70.19285714285714,68.05,76.62142857142857,3.0,3.0528,1.5433,-1.196,3.6512,0.0,0.0,0.0,4.0,8.0,True,False,False,True,-1.0,0.0,True,False
62277bb2,JUPUSDT,crypto alt,4h,long,0.19189642857142858,0.183475,0.21716071428571432,3.0,4.3885,1.5204,-1.2583,5.522,0.0,0.0,0.0,0.0,4.0,True,False,False,True,-1.0,0.0,True,False
2b1f0484,TONUSDT,crypto alt,5m,short,1.7151071428571427,1.72175,1.6951785714285712,3.0,0.3873,6.7903,-1.4892,0.5768,0.0,0.0,0.0,0.75,0.9166666666666666,True,True,True,True,-1.0,0.0,True,False
2d3ad70c,LTCUSDT,crypto major,5m,long,45.79625,45.65375,46.22375,3.0,0.3112,1.3596,-3.4825,1.0836,0.0,0.0,0.0,0.08333333333333333,1.9166666666666665,True,False,False,True,-1.0,0.0,True,False
25d368c4,ATOMUSDT,crypto alt,5m,short,1.9659107142857144,1.971375,1.949517857142857,3.0,0.278,4.7418,-0.5654,0.1571,0.0,0.0,0.16666666666666666,0.16666666666666666,0.5,True,True,True,False,3.0,0.0,False,True
a036346d,DYDXUSDT,crypto alt,5m,short,0.12063928571428573,0.12141500000000001,0.11831214285714288,3.0,0.643,2.2808,-4.0875,2.6283,0.0,0.0,2.1666666666666665,2.1666666666666665,2.583333333333333,True,True,False,True,-1.0,-1.0,False,False
bab2abdd,SEIUSDT,crypto alt,5m,short,0.05412928571428571,0.054365,0.053422142857142856,3.0,0.4355,3.7727,-1.6576,0.7218,0.0,0.0,0.0,0.16666666666666666,2.333333333333333,True,True,True,True,-1.0,0.0,True,False
62e94fca,ACHUSDT,crypto alt,5m,short,0.0054542857142857145,0.00548,0.005377142857142858,3.0,0.4715,3.6667,-0.6111,0.2881,0.0,0.0,0.3333333333333333,0.3333333333333333,1.9166666666666665,True,True,True,False,3.0,0.0,False,True
920775d8,TRXUSDT,crypto major,15m,short,0.3188767857142857,0.31933749999999994,0.31749464285714285,3.0,0.1445,3.4225,-0.4845,0.07,0.0,0.0,0.0,0.0,0.0,True,True,True,False,3.0,0.0,False,True
ebac6e8a,TONUSDT,crypto alt,15m,short,1.7165535714285713,1.7318749999999998,1.6705892857142857,3.0,0.8926,3.0385,-0.5513,0.4921,0.0,0.0,0.0,0.75,2.0,True,True,True,False,3.0,0.0,False,True
c1f311e4,BCHUSDT,crypto major,15m,long,223.64107142857142,221.48749999999998,230.1017857142857,3.0,0.963,0.7239,-1.8765,1.8069,0.0,0.0,0.0,1.0,,False,False,False,True,-1.0,0.0,True,False
7536c37f,QNTUSDT,crypto alt,15m,long,70.52482142857143,70.07375,71.87803571428572,3.0,0.6396,2.3171,-1.5182,0.971,0.0,0.0,0.0,1.5,2.0,True,True,False,True,-1.0,0.0,True,False
8b1adb18,DYDXUSDT,crypto alt,15m,short,0.12057553571428571,0.12168875,0.11723589285714285,3.0,0.9233,1.5321,-2.9055,2.6825,2.0,2.0,2.0,2.25,2.25,True,False,False,True,-1.0,-1.0,False,False
a0d5818a,1INCHUSDT,crypto alt,15m,long,0.07651785714285715,0.07602500000000001,0.07799642857142858,3.0,0.6441,1.9928,-2.6739,1.7223,0.0,0.0,0.0,0.0,0.0,True,False,False,True,-1.0,0.0,True,False
aa890833,CELOUSDT,crypto alt,15m,long,0.06468839285714285,0.06419875,0.06615732142857142,3.0,0.7569,0.1667,-3.1623,2.3936,0.0,0.0,,,,False,False,False,True,-1.0,-1.0,False,False
6abb6cc5,ZECUSDT,crypto alt,2h,long,513.5426785714286,484.57875,600.4344642857144,3.0,5.64,0.7236,-1.0832,6.1091,0.0,0.0,2.0,2.0,,False,False,False,True,-1.0,0.0,True,False
dbb5e450,ZECUSDT,crypto alt,4h,long,514.1532142857143,482.1925,610.0353571428573,3.0,6.2162,0.6366,-1.0007,6.2206,0.0,0.0,0.0,0.0,,False,False,False,True,-1.0,0.0,True,False
9ba48386,BNBUSDT,crypto major,5m,short,613.3807142857144,614.4050000000001,610.3078571428571,3.0,0.167,0.4693,-5.9742,0.9976,0.0,0.0,0.0,,,False,False,False,True,-1.0,0.0,True,False
e15e0e91,ADAUSDT,crypto major,5m,short,0.1768964285714286,0.17747500000000002,0.1751607142857143,3.0,0.3271,2.0679,-7.784,2.5459,0.0,0.0,0.0,0.0,0.08333333333333333,True,True,False,True,-1.0,0.0,True,False
83ecfe03,TRXUSDT,crypto major,5m,short,0.3176375,0.31786250000000005,0.3169625,3.0,0.0708,1.5,-3.3889,0.2401,0.0,0.0,0.0,0.0,0.08333333333333333,True,False,False,True,-1.0,0.0,True,False
22724758,UNIUSDT,crypto alt,5m,long,2.8741964285714285,2.845375,2.960660714285714,3.0,1.0028,5.3017,-0.9783,0.981,0.0,0.0,0.0,0.0,0.75,True,True,True,False,3.0,0.0,False,True
7976c5ad,APTUSDT,crypto alt,5m,short,0.6725535714285714,0.675875,0.6625892857142857,3.0,0.4939,0.4677,-7.0591,3.4862,0.0,0.0,0.16666666666666666,,,False,False,False,True,-1.0,0.0,True,False
a370c248,OPUSDT,crypto alt,5m,short,0.10776250000000001,0.10813750000000001,0.10663750000000001,3.0,0.348,3.3667,-3.3,1.1484,0.0,0.0,0.08333333333333333,0.08333333333333333,0.16666666666666666,True,True,True,False,3.0,0.0,False,True
858ce222,CRVUSDT,crypto alt,5m,long,0.24856428571428574,0.24655000000000002,0.25460714285714287,3.0,0.8104,0.7624,-2.1667,1.7558,0.0,0.0,0.0,0.0,,False,False,False,True,-1.0,0.0,True,False
40f7e5ae,ENJUSDT,crypto alt,5m,long,0.03243089285714286,0.03225625,0.03295482142857144,3.0,0.5385,6.6943,-4.7004,2.5312,0.0,0.0,0.0,0.0,0.0,True,True,True,False,3.0,3.0,False,False
d30e1d1a,BATUSDT,crypto alt,5m,short,0.09123928571428572,0.091475,0.09053214285714285,3.0,0.2583,2.2879,-6.197,1.601,0.0,0.0,0.0,0.0,0.5,True,True,False,True,-1.0,0.0,True,False
8109d031,ANKRUSDT,crypto alt,5m,short,0.003981964285714286,0.00399375,0.003946607142857142,3.0,0.296,1.0152,-6.6212,1.9597,0.0,0.0,0.0,0.0,0.0,True,False,False,True,-1.0,0.0,True,False
4e1a2aa0,NMRUSDT,crypto alt,5m,long,8.647321428571429,8.63125,8.695535714285715,3.0,0.1859,7.0111,-1.0778,0.2003,0.3333333333333333,0.3333333333333333,0.5833333333333333,0.5833333333333333,0.75,True,True,True,True,-1.0,-1.0,False,False
637a7014,ORDIUSDT,crypto alt,5m,short,3.3506071428571427,3.3722499999999997,3.2856785714285714,3.0,0.6459,1.0908,-6.8102,4.399,0.0,0.0,0.0,0.0,0.08333333333333333,True,False,False,True,-1.0,0.0,True,False
30be56de,DODOUSDT,crypto alt,5m,long,0.01628732142857143,0.01615125,0.01669553571428572,3.0,0.8354,1.7835,-1.9646,1.6413,0.0,1.0833333333333333,1.3333333333333333,1.4166666666666665,2.5,True,False,False,True,-1.0,-1.0,False,False
311681dd,JASMYUSDT,crypto alt,5m,short,0.005002142857142857,0.0050149999999999995,0.004963571428571428,3.0,0.257,0.9444,-8.3889,2.1562,0.0,0.0,0.0,0.0,,False,False,False,True,-1.0,0.0,True,False
b4144c77,MAGICUSDT,crypto alt,5m,short,0.04761964285714286,0.0477375,0.047266071428571435,3.0,0.2475,1.0152,-9.1667,2.2687,0.0,0.0,0.0,0.0,0.0,True,False,False,True,-1.0,0.0,True,False
3aaa3f89,INJUSDT,crypto alt,15m,long,5.6243928571428565,5.530749999999999,5.905321428571428,3.0,1.6649,3.8509,-0.741,1.2338,0.0,0.0,0.0,0.5,2.0,True,True,True,False,3.0,0.0,False,True
9138af4f,ENJUSDT,crypto alt,15m,long,0.03240660714285715,0.032086250000000004,0.033367678571428576,3.0,0.9886,3.7252,-2.4866,2.4582,0.0,0.0,0.0,0.0,0.0,True,True,True,False,3.0,3.0,False,False
809f5c15,NMRUSDT,crypto alt,15m,long,8.641785714285714,8.5925,8.789642857142857,3.0,0.5703,2.3986,-3.0797,1.7564,0.25,0.25,0.5,0.5,1.0,True,True,False,True,-1.0,0.0,True,False
c1fe4cd5,DOGEUSDT,crypto major,1h,short,0.08740160714285714,0.08855124999999998,0.08395267857142857,3.0,1.3154,0.1058,-1.4686,1.9318,0.0,0.0,,,,False,False,False,True,-1.0,-1.0,False,False
a6a1c1da,FILUSDT,crypto alt,1h,short,0.7943928571428571,0.80875,0.7513214285714287,3.0,1.8073,0.1667,-1.2264,2.2164,0.0,0.0,,,,False,False,False,True,-1.0,-1.0,False,False
fbcf0181,ARBUSDT,crypto alt,1h,short,0.08616428571428572,0.08775000000000001,0.08140714285714287,3.0,1.8403,0.2297,-1.2207,2.2465,0.0,0.0,,,,False,False,False,True,-1.0,-1.0,False,False
75429af9,SEIUSDT,crypto alt,1h,short,0.05358946428571429,0.05448625,0.05089910714285715,3.0,1.6734,0.3005,-1.3945,2.3335,0.0,0.0,0.0,,,False,False,False,True,-1.0,0.0,True,False
7a35303b,PYTHUSDT,crypto alt,1h,long,0.039282142857142856,0.037975,0.043203571428571425,3.0,3.3276,1.3142,-1.8989,6.3188,0.0,0.0,0.0,0.0,3.0,True,False,False,True,-1.0,0.0,True,False
a1578441,STORJUSDT,crypto alt,1h,short,0.07871785714285714,0.080025,0.07479642857142857,3.0,1.6605,0.3962,-1.0574,1.7558,0.0,0.0,0.0,,,False,False,False,True,-1.0,0.0,True,False
de5b15d8,RLCUSDT,crypto alt,1h,short,0.35265178571428574,0.35776250000000004,0.33731964285714283,3.0,1.4492,0.2058,-1.4378,2.0837,0.0,0.0,,,,False,False,False,True,-1.0,-1.0,False,False
bf59bca2,OGNUSDT,crypto alt,1h,short,0.018185357142857142,0.0184575,0.01736892857142857,3.0,1.4965,0.3136,-1.0827,1.6202,0.0,0.0,0.0,,,False,False,False,True,-1.0,0.0,True,False
c36e8dad,ORDIUSDT,crypto alt,1h,short,3.3681785714285715,3.46525,3.076964285714286,3.0,2.882,0.3418,-2.4294,7.0015,0.0,0.0,0.0,,,False,False,False,True,-1.0,0.0,True,False
9b98796d,GMTUSDT,crypto alt,1h,short,0.008365714285714285,0.00852,0.007902857142857144,3.0,1.8443,0.4259,-1.1296,2.0833,0.0,0.0,0.0,,,False,False,False,True,-1.0,0.0,True,False
865f2dd7,ACHUSDT,crypto alt,1h,short,0.005434821428571429,0.00552375,0.005168035714285715,3.0,1.6363,1.741,-1.2952,2.1193,0.0,0.0,0.0,8.0,9.0,True,False,False,True,-1.0,0.0,True,False
b23aa21f,BATUSDT,crypto alt,2h,short,0.09156428571428572,0.09375000000000001,0.08500714285714286,3.0,2.3871,1.1275,-1.2059,2.8785,0.0,0.0,4.0,4.0,6.0,True,False,False,True,-1.0,0.0,True,False
63a16d12,WLDUSDT,crypto alt,2h,long,0.5943767857142858,0.5564375,0.708194642857143,3.0,6.383,3.3876,-0.3104,1.9814,0.0,0.0,0.0,0.0,0.0,True,True,True,False,3.0,3.0,False,False
978583e7,AVAXUSDT,crypto major,4h,short,6.8464285714285715,7.053,6.226714285714286,3.0,3.0172,3.0615,-0.9855,2.9734,4.0,4.0,4.0,4.0,44.0,True,True,True,False,3.0,0.0,False,True
ca19b903,YAHOO:GBPUSD=X,tradfi (index/metal/oil/fx),1h,short,1.339459872671536,1.3408637791872025,1.3352481531245368,3.0,0.1048,0.2433,-2.588,0.2712,0.0,0.0,,,,False,False,False,True,-1.0,-1.0,False,False
a0da3c26,XRPUSDT,crypto major,5m,long,1.2380642857142856,1.2342499999999998,1.2495071428571427,3.0,0.3081,4.7022,-8.5899,2.6464,0.0,0.0,0.0,0.0,0.08333333333333333,True,True,True,True,-1.0,0.0,True,False
b64f9164,TONUSDT,crypto alt,5m,short,1.6884285714285714,1.697,1.6627142857142856,3.0,0.5077,7.5167,-1.8167,0.9222,0.0,0.0,0.0,0.0,2.75,True,True,True,True,-1.0,0.0,True,False
dfa2c3a3,ATOMUSDT,crypto alt,5m,long,1.9957142857142858,1.988,2.0188571428571427,3.0,0.3865,2.1111,-5.2778,2.0401,0.0,0.25,0.25,1.25,1.4166666666666665,True,True,False,True,-1.0,0.0,True,False
d4c9a115,GRTUSDT,crypto alt,5m,short,0.020241785714285716,0.0203125,0.020029642857142857,3.0,0.3493,9.3586,-0.2576,0.09,0.0,0.0,0.0,0.0,0.25,True,True,True,False,3.0,0.0,False,True
4981a4f6,QNTUSDT,crypto alt,5m,long,73.00125,72.64874999999999,74.05875,3.0,0.4829,0.0816,-3.6915,1.7825,0.16666666666666666,,,,,False,False,False,True,-1.0,-1.0,False,False
b55b1068,STXUSDT,crypto alt,5m,long,0.19493035714285714,0.1945125,0.19618392857142858,3.0,0.2144,2.0812,-16.8248,3.6066,0.0,0.0,0.08333333333333333,0.08333333333333333,0.16666666666666666,True,True,False,True,-1.0,0.0,True,False
473f568d,SANDUSDT,crypto alt,5m,long,0.054121249999999996,0.05394875,0.05463874999999999,3.0,0.3187,2.4855,-13.0507,4.1596,0.0,0.0,0.08333333333333333,0.16666666666666666,0.3333333333333333,True,True,False,True,-1.0,0.0,True,False
a17aeb4d,MANAUSDT,crypto alt,5m,long,0.06975178571428571,0.0694625,0.07061964285714284,3.0,0.4147,3.2778,-7.0926,2.9416,0.0,0.0,0.08333333333333333,0.08333333333333333,0.25,True,True,True,False,3.0,0.0,False,True
2ce3a056,SNXUSDT,crypto alt,5m,long,0.25789285714285715,0.25725,0.2598214285714286,3.0,0.2493,3.2778,-12.2778,3.0605,0.0,0.0,2.0,2.0,2.0,True,True,True,True,-1.0,-1.0,False,False
e4914edf,DYDXUSDT,crypto alt,5m,long,0.12327803571428571,0.12260624999999999,0.12529339285714286,3.0,0.5449,1.5064,-8.0354,4.3787,0.0,0.0,0.0,0.0,2.25,True,False,False,True,-1.0,-1.0,False,False
4c9103d4,DASHUSDT,crypto alt,5m,long,38.34410714285714,38.18875,38.81017857142857,3.0,0.4052,1.5184,-9.6172,3.8966,0.0,0.0,0.0,0.16666666666666666,0.25,True,False,False,True,-1.0,0.0,True,False
fdecea89,JUPUSDT,crypto alt,5m,long,0.20081607142857144,0.19971250000000002,0.2041267857142857,3.0,0.5495,1.254,-9.801,5.3861,0.0,0.0,0.0,0.08333333333333333,0.16666666666666666,True,False,False,True,-1.0,0.0,True,False
8432a400,FETUSDT,crypto alt,5m,long,0.21409107142857142,0.21283749999999999,0.2178517857142857,3.0,0.5855,0.3262,-8.2094,4.8069,0.0,0.0,0.0,,,False,False,False,True,-1.0,-1.0,False,False
f5b44023,OGNUSDT,crypto alt,5m,long,0.018283035714285713,0.018241249999999997,0.01840839285714286,3.0,0.2285,5.1923,-9.406,2.1497,0.0,0.0,0.0,0.0,0.25,True,True,True,True,-1.0,0.0,True,False
0c541231,MASKUSDT,crypto alt,5m,long,0.3828214285714286,0.38175000000000003,0.3860357142857143,3.0,0.2799,4.8333,-11.0333,3.088,0.0,0.0,0.25,0.25,0.25,True,True,True,True,-1.0,0.0,True,False
87ba7c62,SOLUSDT,crypto major,15m,long,74.80375,74.28625,76.35624999999999,3.0,0.6918,1.4034,-4.8575,3.3605,0.0,0.0,0.0,1.5,1.75,True,False,False,True,-1.0,0.0,True,False
93fd6d4a,AVAXUSDT,crypto major,15m,long,6.940571428571428,6.89,7.092285714285714,3.0,0.7286,1.1949,-4.4802,3.2644,0.0,0.0,0.0,0.0,1.5,True,False,False,True,-1.0,0.0,True,False
be80ec73,LINKUSDT,crypto major,15m,long,8.332714285714285,8.283,8.481857142857143,3.0,0.5966,3.0431,-4.8017,2.8648,0.0,0.0,0.0,0.0,1.25,True,True,True,False,3.0,0.0,False,True
cf2f8d27,DOTUSDT,crypto major,15m,long,1.0226964285714286,1.014875,1.0461607142857143,3.0,0.7648,1.4452,-4.4361,3.3926,0.0,0.0,0.0,0.0,2.25,True,False,False,True,-1.0,0.0,True,False
14e5af0a,ATOMUSDT,crypto alt,15m,long,1.9943035714285715,1.9781250000000001,2.042839285714286,3.0,0.8112,1.0938,-2.4294,1.9708,0.0,0.0,0.25,1.25,2.0,True,False,False,True,-1.0,0.0,True,False
1aa3280d,NEARUSDT,crypto alt,15m,long,2.487214285714286,2.4525,2.591357142857143,3.0,1.3957,2.0103,-5.1049,7.125,0.0,0.0,0.0,0.0,0.0,True,True,False,True,-1.0,0.0,True,False
a37d0509,HBARUSDT,crypto alt,15m,long,0.08358678571428571,0.0829675,0.08544464285714286,3.0,0.7409,0.5865,-5.1943,3.8484,0.0,0.0,0.0,0.75,,False,False,False,True,-1.0,0.0,True,False
f67f8940,SUIUSDT,crypto alt,15m,long,0.7972214285714286,0.7907500000000001,0.8166357142857144,3.0,0.8117,1.1556,-3.8664,3.1386,0.0,0.0,0.0,0.0,1.75,True,False,False,True,-1.0,0.0,True,False
3bcd21df,SANDUSDT,crypto alt,15m,long,0.05407839285714285,0.05376875,0.05500732142857142,3.0,0.5726,1.5231,-7.1321,4.0837,0.0,0.0,0.0,1.25,1.25,True,False,False,True,-1.0,0.0,True,False
dae6392a,SNXUSDT,crypto alt,15m,long,0.25771428571428573,0.256,0.2628571428571429,3.0,0.6652,1.9167,-4.5,2.9933,0.0,0.0,2.0,2.0,2.25,True,False,False,True,-1.0,-1.0,False,False
390ef661,LDOUSDT,crypto alt,15m,long,0.2770107142857143,0.274675,0.28401785714285716,3.0,0.8432,2.9924,-3.3012,2.7835,0.0,0.0,0.0,0.0,1.5,True,True,False,True,-1.0,0.0,True,False
8f4ffe17,1INCHUSDT,crypto alt,15m,long,0.07662678571428572,0.0761875,0.07794464285714287,3.0,0.5733,4.7195,-2.565,1.4705,0.0,0.0,0.0,0.0,0.0,True,True,True,False,3.0,3.0,False,False
8e92937a,SUSHIUSDT,crypto alt,15m,long,0.18360714285714286,0.18185,0.18887857142857142,3.0,0.957,2.0447,-1.7114,1.6378,0.0,0.0,0.0,0.0,0.0,True,True,False,True,-1.0,0.0,True,False
5971bd13,MASKUSDT,crypto alt,15m,long,0.3826607142857143,0.380625,0.38876785714285716,3.0,0.532,2.6228,-5.7281,3.0473,0.0,0.0,0.25,0.25,1.75,True,True,False,True,-1.0,0.0,True,False
4dae3c8e,TONUSDT,crypto alt,1h,short,1.6909107142857143,1.726375,1.584517857142857,3.0,2.0973,2.93,-0.3691,0.7741,0.0,0.0,0.0,2.0,3.0,True,True,False,False,2.1969,0.0,False,True
7dea8ff4,NEARUSDT,crypto alt,1h,long,2.4819464285714283,2.415625,2.680910714285714,3.0,2.6722,0.1667,-2.5926,6.9279,0.0,0.0,,,,False,False,False,True,-1.0,-1.0,False,False
739653b0,YAHOO:HG=F,tradfi (index/metal/oil/fx),1h,long,6.48219633953912,6.447374880313873,6.5866607172148575,3.0,0.5372,2.019,-2.461,1.322,0.0,0.0,0.0,3.0,4.0,True,True,False,True,-1.0,0.0,True,False
c4fc411a,YAHOO:ZN=F,tradfi (index/metal/oil/fx),1h,long,109.81501116071429,109.736328125,110.05106026785715,3.0,0.0717,2.3511,-1.2234,0.0877,0.0,0.0,0.0,0.0,0.0,True,True,False,True,-1.0,0.0,True,False
9d1daa9a,YAHOO:ZB=F,tradfi (index/metal/oil/fx),1h,long,112.88225446428571,112.73828125,113.31417410714285,3.0,0.1275,3.6395,-1.3527,0.1725,0.0,0.0,0.0,0.0,1.0,True,True,True,True,-1.0,0.0,True,False
2ee1b099,ADAUSDT,crypto major,5m,short,0.17475714285714286,0.1757,0.17192857142857143,3.0,0.5395,3.0303,-1.9545,1.0545,0.0,0.0,0.0,0.08333333333333333,0.08333333333333333,True,True,True,True,-1.0,0.0,True,False
adc18518,UNIUSDT,crypto alt,5m,long,3.0324464285714283,2.999125,3.132410714285714,3.0,1.0988,6.679,-0.5536,0.6083,0.0,0.0,0.08333333333333333,0.16666666666666666,0.16666666666666666,True,True,True,False,3.0,3.0,False,False
d3832e70,FILUSDT,crypto alt,5m,short,0.7875714285714286,0.791,0.7772857142857142,3.0,0.4353,1.625,-4.7917,2.086,0.0,0.0,0.0,0.25,0.41666666666666663,True,False,False,True,-1.0,0.0,True,False
34d8da09,SHIBUSDT,crypto alt,5m,short,4.984464285714285e-06,5.01125e-06,4.904107142857143e-06,3.0,0.5374,1.2867,-1.3267,0.7129,0.0,0.0,0.0,0.0,0.5833333333333333,True,False,False,True,-1.0,0.0,True,False
12633af4,ENJUSDT,crypto alt,5m,long,0.03387196428571428,0.033583749999999996,0.03473660714285714,3.0,0.8509,2.3872,-2.6784,2.2791,1.5,1.5,1.5833333333333333,1.6666666666666665,1.6666666666666665,True,True,False,True,-1.0,-1.0,False,False
503177a4,SKLUSDT,crypto alt,5m,short,0.004323571428571428,0.004345,0.004259285714285715,3.0,0.4956,2.0333,-1.2333,0.6113,0.0,0.0,0.08333333333333333,0.08333333333333333,0.5,True,True,False,True,-1.0,0.0,True,False
b708df02,TRXUSDT,crypto major,15m,short,0.3175089285714286,0.3181625,0.31554821428571433,3.0,0.2058,1.2377,-1.2104,0.2491,0.0,0.0,0.0,0.5,2.75,True,False,False,True,-1.0,0.0,True,False
1bcf5255,UNIUSDT,crypto alt,15m,long,3.0319285714285713,2.9595,3.249214285714286,3.0,2.3889,3.0799,-0.2475,0.5913,0.0,0.0,0.0,0.0,0.25,True,True,True,False,3.0,3.0,False,False
a12bab62,DYDXUSDT,crypto alt,15m,short,0.11914749999999999,0.12111249999999998,0.11325249999999999,3.0,1.6492,0.6959,-2.1081,3.4768,0.0,0.0,0.0,0.0,,False,False,False,True,-1.0,0.0,True,False
276e5a4d,ENJUSDT,crypto alt,15m,long,0.033643035714285716,0.03306125,0.03538839285714286,3.0,1.7293,1.5761,-1.1568,2.0005,0.0,1.25,1.25,1.5,1.75,True,False,False,True,-1.0,0.0,True,False
00afdc08,ACHUSDT,crypto alt,15m,short,0.005350535714285715,0.00541375,0.005160892857142858,3.0,1.1815,0.4831,-1.0989,1.2983,0.0,0.0,0.25,,,False,False,False,True,-1.0,0.0,True,False
d0a11048,BNBUSDT,crypto major,1h,short,607.9478571428572,614.475,588.3664285714285,3.0,1.0736,3.1511,-0.6974,0.7488,0.0,0.0,0.0,0.0,16.0,True,True,True,False,3.0,0.0,False,True
ea504ac7,ADAUSDT,crypto major,1h,short,0.17486428571428572,0.17825000000000002,0.16470714285714286,3.0,1.9362,3.2975,-0.5127,0.9926,0.0,0.0,0.0,0.0,9.0,True,True,True,False,3.0,0.0,False,True
3ba6ac7a,LINKUSDT,crypto major,1h,short,8.230071428571428,8.3805,7.778785714285713,3.0,1.8278,0.3462,-1.2493,2.2834,0.0,0.0,0.0,,,False,False,False,True,-1.0,0.0,True,False
7b5f7499,DOTUSDT,crypto major,1h,short,1.0053571428571428,1.0255,0.9449285714285712,3.0,2.0036,0.2163,-1.5709,3.1474,0.0,0.0,,,,False,False,False,True,-1.0,-1.0,False,False
5c51e831,TRXUSDT,crypto major,1h,short,0.3174821428571429,0.318575,0.31420357142857147,3.0,0.3442,1.0817,-2.9444,1.0136,0.0,0.0,0.0,3.0,5.0,True,False,False,True,-1.0,0.0,True,False
ae8312a8,BCHUSDT,crypto major,1h,short,217.17142857142855,222.99999999999997,199.68571428571425,3.0,2.6839,0.1667,-1.1544,3.0983,0.0,0.0,,,,False,False,False,True,-1.0,-1.0,False,False
323ab4d1,ARBUSDT,crypto alt,1h,short,0.08510535714285715,0.08693750000000001,0.07960892857142857,3.0,2.1528,0.385,-2.617,5.6338,0.0,0.0,0.0,,,False,False,False,True,-1.0,0.0,True,False
ab9b84b4,GMXUSDT,crypto alt,1h,short,5.8428571428571425,5.92,5.61142857142857,3.0,1.3203,0.2963,-1.0,1.3203,0.0,0.0,0.0,,,False,False,False,True,-1.0,0.0,True,False
0209d5a4,COMPUSDT,crypto alt,1h,short,17.68839285714286,17.97875,16.81732142857143,3.0,1.6415,0.3733,-3.8284,6.2844,0.0,0.0,0.0,,,False,False,False,True,-1.0,0.0,True,False
b456898e,GALAUSDT,crypto alt,1h,short,0.002698214285714286,0.0027475000000000004,0.0025503571428571433,3.0,1.8266,0.3696,-1.4565,2.6605,0.0,0.0,0.0,,,False,False,False,True,-1.0,0.0,True,False
18b567d1,SEIUSDT,crypto alt,1h,short,0.05365285714285714,0.05469,0.050541428571428564,3.0,1.9331,0.4366,-2.022,3.9087,0.0,0.0,0.0,,,False,False,False,True,-1.0,0.0,True,False
95c069b8,STORJUSDT,crypto alt,1h,short,0.07752142857142856,0.07884999999999999,0.07353571428571427,3.0,1.7138,0.3925,-1.1882,2.0363,0.0,0.0,0.0,,,False,False,False,True,-1.0,0.0,True,False
80bf7b49,RLCUSDT,crypto alt,1h,short,0.3499892857142857,0.355325,0.33398214285714284,3.0,1.5245,5.4331,-0.9391,1.4317,0.0,0.0,0.0,15.0,18.0,True,True,True,False,3.0,0.0,False,True
7288de98,BNTUSDT,crypto alt,1h,short,0.28128214285714287,0.28537500000000005,0.2690035714285714,3.0,1.4551,4.3447,-0.9572,1.3929,0.0,0.0,15.0,16.0,26.0,True,True,True,False,3.0,0.0,False,True
e78d6a98,JASMYUSDT,crypto alt,1h,short,0.004976964285714286,0.00507875,0.004671607142857143,3.0,2.0451,0.6579,-1.4053,2.874,0.0,0.0,0.0,0.0,,False,False,False,True,-1.0,0.0,True,False
d71271f2,ARPAUSDT,crypto alt,1h,short,0.008649821428571429,0.00876875,0.008293035714285715,3.0,1.3749,0.2508,-1.2628,1.7362,0.0,0.0,0.0,,,False,False,False,True,-1.0,0.0,True,False
53b27e90,RLCUSDT,crypto alt,2h,short,0.3496660714285714,0.3566625,0.3286767857142857,3.0,2.0009,4.0972,-0.7624,1.5254,0.0,4.0,14.0,16.0,24.0,True,True,True,False,3.0,0.0,False,True
a2e9efab,FILUSDT,crypto alt,4h,short,0.7899107142857144,0.8193750000000001,0.7015178571428573,3.0,3.7301,-0.2745,-1.3945,5.2018,,,,,,False,False,False,False,-1.0,-1.0,False,False
a0e5a188,ARBUSDT,crypto alt,4h,short,0.08523214285714285,0.08842499999999999,0.07565357142857143,3.0,3.7461,0.0101,-1.462,5.4766,0.0,,,,,False,False,False,True,-1.0,-1.0,False,False
094c28a8,CVCUSDT,crypto alt,4h,short,0.023391071428571428,0.0240575,0.021391785714285714,3.0,2.8491,3.2128,-0.4936,1.4062,0.0,0.0,12.0,12.0,24.0,True,True,True,False,3.0,0.0,False,True
9755d05e,YAHOO:^DJI,tradfi (index/metal/oil/fx),1h,long,52079.35246930803,51821.61572265625,52852.56270926339,3.0,0.4949,0.7831,-1.1418,0.565,0.0,0.0,0.0,3.0,,False,False,False,True,-1.0,0.0,True,False
4c16eac4,SOLUSDT,crypto major,5m,long,73.94553571428571,73.61874999999999,74.92589285714286,3.0,0.4419,0.9623,-1.6082,0.7107,0.0,0.0,0.0,0.08333333333333333,,False,False,False,True,-1.0,0.0,True,False
eb012d8c,ATOMUSDT,crypto alt,5m,long,1.996875,1.990125,2.017125,3.0,0.338,2.8333,-1.3148,0.4444,0.0,0.08333333333333333,0.08333333333333333,0.08333333333333333,0.5,True,True,False,True,-1.0,0.0,True,False
b33c9f10,NEARUSDT,crypto alt,5m,short,2.309910714285714,2.327375,2.2575178571428567,3.0,0.7561,1.1973,-4.3569,3.294,0.0,0.0,0.16666666666666666,0.16666666666666666,0.25,True,False,False,True,-1.0,0.0,True,False
5d4b6cf1,AAVEUSDT,crypto alt,5m,long,76.03160714285714,75.50125,77.62267857142857,3.0,0.6975,3.6926,-0.6064,0.423,0.0,0.0,0.0,0.08333333333333333,1.0,True,True,True,False,3.0,0.0,False,True
e255ebf3,AXSUSDT,crypto alt,5m,long,1.0124107142857142,1.0088749999999997,1.0230178571428572,3.0,0.3492,2.4293,-4.3586,1.5222,0.0,0.0,0.0,0.08333333333333333,0.5833333333333333,True,True,False,True,-1.0,0.0,True,False
08263556,SNXUSDT,crypto alt,5m,long,0.26175000000000004,0.26025000000000004,0.26625000000000004,3.0,0.5731,2.1667,-1.1667,0.6686,0.08333333333333333,0.08333333333333333,0.5833333333333333,0.5833333333333333,0.9166666666666666,True,True,False,True,-1.0,-1.0,False,False
af725c87,LDOUSDT,crypto alt,5m,long,0.27745000000000003,0.27595000000000003,0.28195,3.0,0.5406,12.6333,-0.8333,0.4505,0.0,0.0,0.08333333333333333,0.08333333333333333,0.6666666666666666,True,True,True,False,3.0,0.0,False,True
90e032b8,ROSEUSDT,crypto alt,5m,long,0.007260357142857143,0.007202500000000001,0.007433928571428571,3.0,0.7969,2.9321,-1.5617,1.2445,0.0,0.0,0.0,0.0,0.5833333333333333,True,True,False,True,-1.0,0.0,True,False
f2f12fe1,TIAUSDT,crypto alt,5m,long,0.38115714285714286,0.3779,0.3909285714285714,3.0,0.8545,6.5833,-0.2325,0.1986,0.0,0.0,0.0,0.08333333333333333,0.5,True,True,True,False,3.0,0.0,False,True
18ea73f8,FETUSDT,crypto alt,5m,short,0.20781964285714286,0.2091375,0.2038660714285714,3.0,0.6341,0.6978,-2.1098,1.3379,0.0,0.0,0.0,0.25,,False,False,False,True,-1.0,0.0,True,False
6eb52ee8,ORDIUSDT,crypto alt,5m,long,3.469910714285714,3.4273749999999996,3.5975178571428574,3.0,1.2258,1.1776,-1.7141,2.1012,0.0,0.0,0.08333333333333333,0.08333333333333333,0.5833333333333333,True,False,False,True,-1.0,0.0,True,False
7f814d66,MASKUSDT,crypto alt,5m,long,0.38385714285714284,0.383,0.3864285714285714,3.0,0.2233,6.0,-1.0,0.2233,0.08333333333333333,0.08333333333333333,0.08333333333333333,0.08333333333333333,0.08333333333333333,True,True,True,True,-1.0,-1.0,False,False
b1974829,ENSUSDT,crypto alt,5m,long,5.406071428571429,5.3825,5.4767857142857155,3.0,0.436,2.7121,-1.5303,0.6672,0.08333333333333333,0.08333333333333333,0.5,0.5,0.5833333333333333,True,True,False,True,-1.0,-1.0,False,False
c4529043,PEOPLEUSDT,crypto alt,5m,long,0.005797678571428571,0.005783749999999999,0.005839464285714285,3.0,0.2402,3.0385,-0.5513,0.1324,0.16666666666666666,0.16666666666666666,0.5,0.5,0.5,True,True,True,False,3.0,3.0,False,False
b0fc24b8,JASMYUSDT,crypto alt,5m,short,0.004902678571428571,0.0049187499999999995,0.004854464285714286,3.0,0.3278,1.4111,-2.3222,0.7612,0.0,0.0,0.08333333333333333,0.08333333333333333,0.16666666666666666,True,False,False,True,-1.0,0.0,True,False
76e87b68,ARPAUSDT,crypto alt,5m,long,0.008736785714285714,0.0087175,0.008794642857142857,3.0,0.2207,0.1667,-3.463,0.7644,0.0,0.0,,,,False,False,False,True,-1.0,-1.0,False,False
9948446b,ETHUSDT,crypto major,15m,long,1795.5689285714286,1783.5625,1831.5882142857142,3.0,0.6687,1.2194,-1.3808,0.9233,0.0,0.0,0.0,6.5,6.5,True,False,False,True,-1.0,0.0,True,False
b0677e5e,TONUSDT,crypto alt,15m,short,1.6506785714285714,1.66675,1.6024642857142857,3.0,0.9736,0.4156,-1.0778,1.0494,0.0,0.0,0.0,,,False,False,False,True,-1.0,0.0,True,False
d7a9ce50,ATOMUSDT,crypto alt,15m,long,1.993642857142857,1.9794999999999998,2.0360714285714283,3.0,0.7094,2.0758,-2.4495,1.7377,0.0,0.0,0.0,0.0,0.5,True,True,False,True,-1.0,0.0,True,False
e03901a7,AAVEUSDT,crypto alt,15m,long,76.07357142857143,75.195,78.70928571428571,3.0,1.1549,2.1813,-1.9618,2.2657,0.0,0.0,0.0,0.75,1.25,True,True,False,True,-1.0,0.0,True,False
b00de38b,AXSUSDT,crypto alt,15m,long,1.012732142857143,1.0051250000000003,1.0355535714285713,3.0,0.7512,1.0869,-2.0681,1.5534,0.0,0.0,0.0,0.5,0.75,True,False,False,True,-1.0,0.0,True,False
9904dca2,RUNEUSDT,crypto alt,15m,long,0.4111964285714286,0.406375,0.4256607142857143,3.0,1.1725,3.6926,-0.4556,0.5342,0.25,0.25,0.25,0.5,6.5,True,True,True,False,3.0,0.0,False,True
0c123093,XTZUSDT,crypto alt,15m,long,0.24463035714285714,0.24241249999999998,0.25128392857142856,3.0,0.9066,2.376,-1.5016,1.3614,0.0,0.0,0.0,2.0,6.0,True,True,False,True,-1.0,0.0,True,False
47f604ef,SNXUSDT,crypto alt,15m,long,0.2604821428571429,0.257375,0.2698035714285715,3.0,1.1928,1.454,-1.4425,1.7207,0.0,0.0,0.0,0.5,0.75,True,False,False,True,-1.0,0.0,True,False
7c88c5ac,LDOUSDT,crypto alt,15m,long,0.2771214285714286,0.27425,0.2857357142857143,3.0,1.0362,7.5149,-0.3209,0.3325,0.0,0.0,0.0,0.0,1.0,True,True,True,False,3.0,0.0,False,True
09453315,SUSHIUSDT,crypto alt,15m,long,0.18929464285714287,0.1856625,0.20019107142857148,3.0,1.9188,4.5442,-0.3289,0.6311,0.0,0.0,0.0,0.25,0.75,True,True,True,False,3.0,0.0,False,True
f1580134,ROSEUSDT,crypto alt,15m,long,0.0072501785714285715,0.0071312500000000004,0.0076069642857142855,3.0,1.6404,4.0345,-0.6742,1.1059,0.0,0.0,0.0,0.5,0.75,True,True,True,False,3.0,0.0,False,True
7780d30b,TIAUSDT,crypto alt,15m,long,0.38048928571428575,0.37502500000000005,0.39688214285714285,3.0,1.4361,4.0464,-0.0163,0.0235,0.0,0.0,0.0,0.25,0.25,True,True,True,False,3.0,3.0,False,False
115aee2a,ORDIUSDT,crypto alt,15m,long,3.462517857142857,3.405625,3.633196428571429,3.0,1.6431,1.0104,-1.1516,1.8922,0.0,0.0,0.0,0.0,1.0,True,False,False,True,-1.0,0.0,True,False
130a4682,MASKUSDT,crypto alt,15m,long,0.38360714285714287,0.38125000000000003,0.39067857142857143,3.0,0.6145,5.2576,-0.2576,0.1583,0.0,0.0,0.0,0.0,0.5,True,True,True,False,3.0,0.0,False,True
f99b8e92,DODOUSDT,crypto alt,15m,long,0.01618892857142857,0.0160025,0.016748214285714283,3.0,1.1516,1.6686,-1.9789,2.2789,0.0,0.0,0.0,2.25,7.0,True,False,False,True,-1.0,0.0,True,False
b03272c9,PEOPLEUSDT,crypto alt,15m,long,0.005793214285714285,0.0057525,0.005915357142857142,3.0,0.7028,3.114,-0.0789,0.0555,0.0,0.0,0.25,0.25,0.75,True,True,True,False,3.0,0.0,False,True
9596c026,BTCUSDT,crypto major,1h,short,65736.62089285714,66377.00625,63815.46482142858,3.0,0.9742,1.8296,-1.1076,1.079,0.0,0.0,5.0,11.0,12.0,True,False,False,True,-1.0,0.0,True,False
eb9b14a0,DOGEUSDT,crypto major,1h,short,0.08771928571428572,0.08897500000000001,0.08395214285714286,3.0,1.4315,3.0097,-0.3191,0.4568,0.0,0.0,0.0,3.0,12.0,True,True,True,False,3.0,0.0,False,True
e829ccfa,DASHUSDT,crypto alt,1h,short,37.215357142857144,37.9075,35.13892857142857,3.0,1.8598,0.3689,-1.3648,2.5383,0.0,0.0,0.0,,,False,False,False,True,-1.0,0.0,True,False
6027cd0c,BATUSDT,crypto alt,1h,short,0.09125892857142857,0.0928125,0.08659821428571428,3.0,1.7024,0.5529,-1.2494,2.127,0.0,0.0,2.0,3.0,,False,False,False,True,-1.0,0.0,True,False
65841b2a,GMTUSDT,crypto alt,1h,short,0.00838392857142857,0.008527499999999999,0.007953214285714286,3.0,1.7125,4.7637,-0.8781,1.5037,0.0,0.0,0.0,0.0,11.0,True,True,True,False,3.0,0.0,False,True
8ef0a4dc,DOTUSDT,crypto major,5m,long,1.018267857142857,1.0138749999999999,1.0314464285714282,3.0,0.4314,0.3943,-1.4268,0.6155,0.0,0.0,0.75,,,False,False,False,True,-1.0,0.0,True,False
a8e15019,FILUSDT,crypto alt,5m,long,0.812375,0.8086249999999999,0.8236249999999999,3.0,0.4616,1.7667,-1.9667,0.9078,0.0,0.0,0.0,0.6666666666666666,0.6666666666666666,True,False,False,True,-1.0,0.0,True,False
71482011,NEOUSDT,crypto alt,5m,long,2.3050892857142857,2.299625,2.321482142857143,3.0,0.2371,-0.3824,-4.2255,1.0017,,,,,,False,False,False,False,-1.0,-1.0,False,False
353f658f,NEOUSDT,crypto alt,15m,long,2.303892857142857,2.29125,2.341821428571429,3.0,0.5488,-0.0706,-1.7316,0.9503,,,,,,False,False,False,False,-1.0,-1.0,False,False
f9ba33b9,INJUSDT,crypto alt,1h,long,5.579517857142857,5.384625,6.164196428571429,3.0,3.493,0.6695,-1.0391,3.6297,0.0,0.0,2.0,2.0,,False,False,False,True,-1.0,0.0,True,False
c159f0f5,CHZUSDT,crypto alt,2h,short,0.024750178571428572,0.025531250000000002,0.022406964285714287,3.0,3.1558,3.7643,-0.5503,1.7366,0.0,0.0,0.0,2.0,2.0,True,True,True,False,3.0,3.0,False,False
29b2e63e,CHZUSDT,crypto alt,4h,short,0.02479732142857143,0.02592125,0.021425535714285713,3.0,4.5325,3.6277,-0.3405,1.5432,0.0,0.0,0.0,0.0,0.0,True,True,True,False,3.0,3.0,False,False
c074010d,AVAXUSDT,crypto major,5m,long,6.899749999999999,6.880249999999999,6.95825,3.0,0.2826,6.2692,-1.4744,0.4167,0.0,0.0,0.0,0.16666666666666666,0.3333333333333333,True,True,True,True,-1.0,0.0,True,False
901d4721,APTUSDT,crypto alt,5m,short,0.6693928571428572,0.6717500000000001,0.6623214285714286,3.0,0.3521,1.0152,-9.1667,3.2279,0.0,0.0,0.0,0.0,0.8333333333333333,True,False,False,True,-1.0,0.0,True,False
74976d3d,OPUSDT,crypto alt,5m,long,0.10944821428571429,0.1091375,0.11038035714285716,3.0,0.2839,9.1782,-1.7644,0.5009,0.0,0.0,0.16666666666666666,0.16666666666666666,0.41666666666666663,True,True,True,True,-1.0,0.0,True,False
16e877f3,SUIUSDT,crypto alt,5m,long,0.7995285714285715,0.7967000000000001,0.8080142857142858,3.0,0.3538,7.0606,-0.6111,0.2162,0.0,0.0,0.0,0.08333333333333333,0.3333333333333333,True,True,True,False,3.0,0.0,False,True
6546254e,JUPUSDT,crypto alt,5m,long,0.19664642857142856,0.195125,0.20121071428571427,3.0,0.7737,3.3873,-2.0023,1.5492,0.0,1.4166666666666665,1.75,1.9166666666666665,2.0,True,True,True,True,-1.0,-1.0,False,False
84d3a4ed,TRXUSDT,crypto major,2h,short,0.3172607142857143,0.31882499999999997,0.3125678571428572,3.0,0.4931,0.1667,-2.1986,1.0841,0.0,0.0,,,,False,False,False,True,-1.0,-1.0,False,False
cafc0c99,LINKUSDT,crypto major,5m,long,8.347910714285714,8.323375,8.421517857142856,3.0,0.2939,0.6965,-9.615,2.826,0.0,0.0,0.0,0.0,,False,False,False,True,-1.0,0.0,True,False
6df33e2b,DOTUSDT,crypto major,5m,long,1.028267857142857,1.0238749999999999,1.0414464285714284,3.0,0.4272,0.622,-6.435,2.7491,0.0,0.0,0.08333333333333333,0.08333333333333333,,False,False,False,True,-1.0,0.0,True,False
b9a01463,EGLDUSDT,crypto alt,5m,long,3.0485714285714285,3.04,3.0742857142857143,3.0,0.2812,0.1667,-9.1667,2.5773,0.8333333333333333,0.8333333333333333,,,,False,False,False,True,-1.0,-1.0,False,False
4e2bc990,THETAUSDT,crypto alt,5m,long,0.16501964285714285,0.1645375,0.16646607142857142,3.0,0.2922,2.4481,-7.5074,2.1935,0.0,0.0,0.0,0.08333333333333333,0.9166666666666666,True,True,False,True,-1.0,0.0,True,False
b62968bc,DYDXUSDT,crypto alt,5m,long,0.12630696428571428,0.12532875,0.12924160714285712,3.0,0.7745,2.477,-3.2171,2.4915,0.0,0.0,0.0,0.16666666666666666,0.16666666666666666,True,True,False,True,-1.0,0.0,True,False
90199e21,KSMUSDT,crypto alt,5m,long,3.7871428571428574,3.7700000000000005,3.8385714285714285,3.0,0.4527,0.75,-3.3333,1.5089,0.0,0.0,0.9166666666666666,0.9166666666666666,,False,False,False,True,-1.0,-1.0,False,False
c35f36c3,CELOUSDT,crypto alt,5m,long,0.06453232142857143,0.06436625,0.06503053571428571,3.0,0.2573,2.9968,-5.8548,1.5067,0.0,0.0,0.08333333333333333,0.08333333333333333,0.5833333333333333,True,True,False,True,-1.0,0.0,True,False
2d10b5b4,TIAUSDT,crypto alt,5m,long,0.41315357142857145,0.40687500000000004,0.43198928571428574,3.0,1.5197,1.0108,-3.0028,4.5633,0.0,0.0,0.08333333333333333,0.08333333333333333,0.08333333333333333,True,False,False,True,-1.0,0.0,True,False
70f7cd5d,PYTHUSDT,crypto alt,5m,long,0.039667857142857144,0.039475,0.04024642857142857,3.0,0.4862,0.1667,-7.6111,3.7004,0.08333333333333333,0.08333333333333333,,,,False,False,False,True,-1.0,-1.0,False,False
a215cd12,ETCUSDT,crypto alt,15m,long,7.421785714285714,7.3725,7.569642857142857,3.0,0.6641,0.7754,-2.8768,1.9104,0.0,0.0,0.5,0.5,,False,False,False,True,-1.0,0.0,True,False
59bc8d6b,ALGOUSDT,crypto alt,15m,long,0.09599107142857144,0.0953375,0.09795178571428573,3.0,0.6809,2.1557,-1.0574,0.7199,0.0,0.0,0.0,0.0,0.0,True,True,False,True,-1.0,0.0,True,False
b95b19af,EGLDUSDT,crypto alt,15m,long,3.047142857142857,3.0300000000000002,3.0985714285714283,3.0,0.5626,0.1667,-4.5,2.5316,0.75,0.75,,,,False,False,False,True,-1.0,-1.0,False,False
640c5968,IMXUSDT,crypto alt,15m,long,0.14775714285714286,0.1469,0.15032857142857145,3.0,0.5801,0.8667,-3.9167,2.2721,0.0,0.0,0.25,0.5,,False,False,False,True,-1.0,0.0,True,False
0eac8317,SANDUSDT,crypto alt,15m,long,0.05370035714285714,0.0534025,0.05459392857142857,3.0,0.5547,0.0324,-4.1978,2.3284,0.75,,,,,False,False,False,True,-1.0,-1.0,False,False
9b99702c,AXSUSDT,crypto alt,15m,long,1.0100535714285712,1.0043749999999998,1.0270892857142855,3.0,0.5622,0.1667,-3.5314,1.9854,0.75,0.75,,,,False,False,False,True,-1.0,-1.0,False,False
dea75d93,1INCHUSDT,crypto alt,15m,long,0.07780892857142857,0.0772625,0.0794482142857143,3.0,0.7023,1.9967,-2.7614,1.9393,0.0,0.0,0.0,0.0,0.0,True,False,False,True,-1.0,0.0,True,False
40411aa3,NEOUSDT,crypto alt,15m,long,2.3042857142857143,2.294,2.335142857142857,3.0,0.4464,1.4306,-3.9167,1.7483,0.0,0.25,0.25,0.5,0.75,True,False,False,True,-1.0,0.0,True,False
e8b392fb,BANDUSDT,crypto alt,15m,long,0.1718392857142857,0.170875,0.1747321428571428,3.0,0.5612,1.2037,-2.9444,1.6523,0.0,0.0,0.0,0.0,0.0,True,False,False,True,-1.0,0.0,True,False
617edada,NMRUSDT,crypto alt,1h,long,8.598035714285714,8.52625,8.813392857142858,3.0,0.8349,-0.1119,-1.3657,1.1402,,,,,,False,False,False,False,-1.0,-1.0,False,False
2158be15,STORJUSDT,crypto alt,15m,long,0.07863035714285715,0.07821250000000002,0.07988392857142858,3.0,0.5314,3.7564,-1.0299,0.5473,0.0,0.0,0.0,0.0,0.5,True,True,True,True,-1.0,0.0,True,False
65c1b9ee,MASKUSDT,crypto alt,15m,long,0.39351785714285714,0.390625,0.40219642857142857,3.0,0.7351,2.5864,-2.9444,2.1645,0.0,0.0,0.0,0.0,0.75,True,True,False,True,-1.0,0.0,True,False
95e04b8b,JUPUSDT,crypto alt,1h,long,0.19338035714285715,0.1884625,0.2081339285714286,3.0,2.5431,1.0207,-1.5414,3.9199,0.0,0.0,0.0,1.0,4.0,True,False,False,True,-1.0,0.0,True,False
d0abc11e,YAHOO:GBPUSD=X,tradfi (index/metal/oil/fx),1h,short,1.3407509901693888,1.3419300764799118,1.33721373123782,3.0,0.0879,5.9743,-0.9165,0.0806,0.0,0.0,2.0,2.0,2.0,True,True,True,False,3.0,3.0,False,False
bf2bcd02,BATUSDT,crypto alt,15m,long,0.09157678571428572,0.09083750000000002,0.09379464285714287,3.0,0.8073,1.5193,-2.2681,1.831,0.0,0.0,0.0,0.0,0.0,True,False,False,True,-1.0,-1.0,False,False
442f0bed,SUSHIUSDT,crypto alt,15m,long,0.1946375,0.1918625,0.2029625,3.0,1.4257,0.8514,-2.1036,2.9992,0.0,0.0,0.0,0.25,,False,False,False,True,-1.0,0.0,True,False
b3fa01b6,SKLUSDT,crypto alt,15m,long,0.004362142857142857,0.004314999999999999,0.004503571428571429,3.0,1.0807,0.5909,-2.803,3.0293,0.0,0.0,0.0,1.0,,False,False,False,True,-1.0,0.0,True,False
6225fbcc,JASMYUSDT,crypto alt,15m,long,0.0050294642857142855,0.00496625,0.0052191071428571425,3.0,1.2569,0.6412,-2.6808,3.3694,0.0,0.0,0.0,0.0,,False,False,False,True,-1.0,-1.0,False,False
2a65bcd4,LINKUSDT,crypto major,1h,short,8.261410714285715,8.383875,7.894017857142859,3.0,1.4824,3.0328,-0.8949,1.3265,1.0,1.0,1.0,2.0,2.0,True,True,True,False,3.0,0.0,False,True
26fc7f71,AAVEUSDT,crypto alt,1h,long,75.5725,74.14750000000001,79.84750000000001,3.0,1.8856,1.1351,-1.5807,2.9806,0.0,0.0,0.0,0.0,0.0,True,False,False,True,-1.0,0.0,True,False
69e22e24,CRVUSDT,crypto alt,1h,long,0.2416107142857143,0.233875,0.2648178571428571,3.0,3.2017,0.4898,-2.0697,6.6267,0.0,0.0,0.0,,,False,False,False,True,-1.0,0.0,True,False
f0c8444f,YFIUSDT,crypto alt,1h,short,1973.1607142857142,1998.125,1898.267857142857,3.0,1.2652,2.3298,-1.2754,1.6136,1.0,1.0,2.0,2.0,2.0,True,True,False,True,-1.0,-1.0,False,False
ff85e6f2,TIAUSDT,crypto alt,1h,long,0.4000535714285714,0.38357499999999994,0.4494892857142857,3.0,4.1191,0.4094,-1.0713,4.4128,0.0,0.0,0.0,,,False,False,False,True,-1.0,0.0,True,False
a0592f0f,FETUSDT,crypto alt,4h,long,0.20826607142857143,0.1978625,0.2394767857142857,3.0,4.9953,0.3974,-1.179,5.8896,0.0,0.0,0.0,,,False,False,False,True,-1.0,0.0,True,False
103fc618,YAHOO:ZN=F,tradfi (index/metal/oil/fx),1h,long,109.85323660714286,109.72265625,110.24497767857143,3.0,0.1189,0.6453,-2.8248,0.3358,0.0,0.0,0.0,0.0,,False,False,False,True,-1.0,0.0,True,False
fdeeacc2,SOLUSDT,crypto major,5m,short,73.44553571428571,74.07875,71.54589285714286,3.0,0.8622,3.183,-1.4757,1.2723,0.0,0.0,0.0,0.0,0.75,True,True,True,True,-1.0,0.0,True,False
85eabf4f,MAGICUSDT,crypto alt,5m,short,0.04774821428571428,0.0480375,0.04688035714285715,3.0,0.6059,3.9691,-1.216,0.7368,0.0,0.0,0.5833333333333333,0.5833333333333333,0.5833333333333333,True,True,True,True,-1.0,-1.0,False,False
f0b17c15,AAVEUSDT,crypto alt,15m,long,75.80446428571427,74.69124999999998,79.14410714285714,3.0,1.4685,1.065,-2.124,3.1192,0.0,0.0,0.0,0.0,0.0,True,False,False,True,-1.0,0.0,True,False
488f7528,SEIUSDT,crypto alt,15m,long,0.05521017857142857,0.05443125,0.05754696428571428,3.0,1.4108,0.9498,-1.1813,1.6667,0.0,0.0,0.0,0.0,,False,False,False,True,-1.0,0.0,True,False
abccda71,FLOWUSDT,crypto alt,1h,long,0.030720357142857143,0.0298825,0.033233928571428574,3.0,2.7274,0.4889,-1.7549,4.7863,0.0,0.0,1.0,,,False,False,False,True,-1.0,0.0,True,False
3460de03,YAHOO:EURUSD=X,tradfi (index/metal/oil/fx),1h,short,1.1510210633277893,1.1534540057182312,1.1437222361564636,3.0,0.2114,3.6239,-0.8695,0.1838,0.0,0.0,9.0,9.0,10.0,True,True,True,False,3.0,3.0,False,False
dd0d1923,IOTAUSDT,crypto alt,5m,short,0.047533928571428574,0.0477375,0.0469232142857143,3.0,0.4283,1.6404,-8.1842,3.505,0.0,0.0,0.0,0.0,0.8333333333333333,True,False,False,True,-1.0,0.0,True,False
78ff5903,SEIUSDT,crypto alt,5m,long,0.054928035714285714,0.054676249999999996,0.05568339285714286,3.0,0.4584,2.3511,-5.7908,2.6544,0.0,0.0,0.0,0.0,0.41666666666666663,True,True,False,True,-1.0,0.0,True,False
2dd2ba35,PEOPLEUSDT,crypto alt,5m,short,0.005743928571428572,0.0057675,0.005673214285714286,3.0,0.4104,5.2576,-2.3788,0.9762,0.16666666666666666,0.16666666666666666,0.41666666666666663,0.41666666666666663,3.833333333333333,True,True,True,True,-1.0,0.0,True,False
c12b18e0,HIGHUSDT,crypto alt,5m,long,0.046535714285714284,0.04375,0.054892857142857146,3.0,5.9862,0.1667,-1.2692,7.5979,0.0,0.0,,,,False,False,False,True,-1.0,-1.0,False,False
c9cdf638,TRXUSDT,crypto major,15m,long,0.3215017857142857,0.3209125,0.3232696428571429,3.0,0.1833,1.8636,-1.7,0.3116,0.0,0.0,0.0,0.25,0.5,True,False,False,True,-1.0,0.0,True,False
49edf918,MANAUSDT,crypto alt,15m,long,0.06940178571428572,0.0688125,0.07116964285714288,3.0,0.8491,0.3364,-2.0394,1.7316,0.0,0.0,0.5,,,False,False,False,True,-1.0,0.0,True,False
ae8310fe,ANKRUSDT,crypto alt,15m,short,0.003873214285714286,0.0038925,0.0038153571428571433,3.0,0.4979,3.2778,-0.8704,0.4334,0.0,0.0,0.0,0.0,0.75,True,True,True,False,3.0,0.0,False,True
eae4b816,CHRUSDT,crypto alt,15m,short,0.015554464285714286,0.01570125,0.015114107142857144,3.0,0.9437,0.7117,-1.8771,1.7714,0.25,0.25,0.75,0.75,,False,False,False,True,-1.0,0.0,True,False
f8812ed7,IMXUSDT,crypto alt,5m,short,0.14337678571428572,0.1438375,0.14199464285714286,3.0,0.3213,3.4225,-0.7016,0.2254,0.08333333333333333,0.08333333333333333,0.08333333333333333,0.08333333333333333,0.08333333333333333,True,True,True,False,3.0,0.0,False,True
b2263eb7,DYDXUSDT,crypto alt,5m,short,0.11781017857142857,0.11847125,0.11582696428571429,3.0,0.5611,1.2407,-2.889,1.6211,0.08333333333333333,2.333333333333333,2.333333333333333,2.6666666666666665,2.75,True,False,False,True,-1.0,-1.0,False,False
9e1bd4a7,BATUSDT,crypto alt,5m,long,0.09254107142857143,0.09218749999999999,0.09360178571428573,3.0,0.3821,0.4495,-4.6414,1.7733,0.41666666666666663,0.41666666666666663,0.41666666666666663,,,False,False,False,True,-1.0,0.0,True,False
41b8b6c3,ACHUSDT,crypto alt,5m,short,0.0052125,0.0052275,0.0051675,3.0,0.2878,4.8333,-0.5,0.1439,0.08333333333333333,0.08333333333333333,0.16666666666666666,0.16666666666666666,0.25,True,True,True,False,3.0,3.0,False,False
cd7b8124,AVAXUSDT,crypto major,15m,short,6.679642857142857,6.713500000000001,6.578071428571429,3.0,0.5069,13.7532,-0.0992,0.0503,0.0,0.0,0.0,0.25,0.25,True,True,True,False,3.0,0.0,False,True
925bfe78,LINKUSDT,crypto major,15m,short,8.058214285714286,8.1015,7.928357142857142,3.0,0.5372,6.6122,-1.6122,0.866,0.0,0.0,0.0,0.25,0.25,True,True,True,True,-1.0,0.0,True,False
950fdb9c,GRTUSDT,crypto alt,15m,short,0.019407678571428572,0.019513750000000003,0.019089464285714283,3.0,0.5465,7.9916,-0.6818,0.3726,0.0,0.0,0.0,0.0,0.25,True,True,True,False,3.0,0.0,False,True
0024eaab,IMXUSDT,crypto alt,15m,short,0.14344285714285715,0.1443,0.14087142857142856,3.0,0.5976,8.3333,-0.3,0.1793,0.0,0.0,0.0,0.0,0.5,True,True,True,False,3.0,0.0,False,True
95ff8b1a,GALAUSDT,crypto alt,15m,short,0.0026535714285714287,0.0026750000000000003,0.002589285714285714,3.0,0.8075,6.2333,-0.3,0.2423,0.0,0.0,0.0,0.0,0.25,True,True,True,False,3.0,0.0,False,True
4525e8af,JASMYUSDT,crypto alt,15m,short,0.0049044642857142854,0.00493125,0.004824107142857142,3.0,0.5461,8.38,-2.0733,1.1324,0.0,0.0,0.0,0.0,0.25,True,True,True,True,-1.0,0.0,True,False
b8a60b07,1INCHUSDT,crypto alt,1h,short,0.07525178571428572,0.07616250000000001,0.07251964285714285,3.0,1.2102,3.4608,-0.1627,0.197,0.0,0.0,0.0,1.0,3.0,True,True,True,False,3.0,0.0,False,True
aafeea3b,ENSUSDT,crypto alt,1h,short,5.345357142857143,5.4375,5.068928571428572,3.0,1.7238,3.0969,-0.593,1.0222,0.0,0.0,0.0,1.0,5.0,True,True,True,False,3.0,0.0,False,True
8d478a14,YAHOO:GBPUSD=X,tradfi (index/metal/oil/fx),1h,short,1.3246576551880156,1.3271623402833939,1.3171435999018806,3.0,0.1891,3.3055,-0.2888,0.0546,0.0,0.0,0.0,0.0,0.0,True,True,True,False,3.0,0.0,False,True
c1d034a1,YAHOO:ZW=F,tradfi (index/metal/oil/fx),1h,long,621.4107142857143,616.375,636.5178571428572,3.0,0.8104,0.0177,-2.3156,1.8765,0.0,,,,,False,False,False,True,-1.0,-1.0,False,False
a84ea65f,PYTHUSDT,crypto alt,15m,short,0.038089285714285714,0.038625,0.036482142857142866,3.0,1.4065,4.0867,-0.2067,0.2907,0.0,0.0,0.5,0.5,0.5,True,True,True,False,3.0,3.0,False,False
1951618d,YAHOO:ZB=F,tradfi (index/metal/oil/fx),1h,long,113.70814732142857,113.45703125,114.46149553571428,3.0,0.2208,0.6644,-1.0778,0.238,0.0,0.0,0.0,2.0,,False,False,False,True,-1.0,0.0,True,False
2ec3910a,YAHOO:CL=F,tradfi (index/metal/oil/fx),1h,short,74.07803494589669,75.20624828338623,70.69339493342808,3.0,1.523,0.0248,-1.7567,2.6755,0.0,,,,,False,False,False,True,-1.0,-1.0,False,False
63b9a092,SHIBUSDT,crypto alt,5m,short,4.693392857142857e-06,4.7137499999999995e-06,4.632321428571429e-06,3.0,0.4337,0.1667,-3.2719,1.4192,0.0,0.0,,,,False,False,False,True,-1.0,-1.0,False,False
4c872cd4,ALGOUSDT,crypto alt,5m,long,0.09999821428571429,0.0993875,0.10183035714285714,3.0,0.6107,0.9854,-2.9444,1.7982,0.08333333333333333,0.08333333333333333,0.08333333333333333,0.08333333333333333,,False,False,False,True,-1.0,0.0,True,False
f559e354,CHZUSDT,crypto alt,5m,short,0.02247625,0.02257375,0.022183750000000002,3.0,0.4338,1.7051,-2.7051,1.1735,0.0,0.0,0.0,1.3333333333333333,2.0,True,False,False,True,-1.0,0.0,True,False
50463b10,RLCUSDT,crypto alt,5m,short,0.3273607142857143,0.327725,0.32626785714285716,3.0,0.1113,-1.4804,-10.8137,1.2033,,,,,,False,False,False,False,-1.0,-1.0,False,False
bc4faaab,GRTUSDT,crypto alt,15m,short,0.01917375,0.01931625,0.01874625,3.0,0.7432,-0.1842,-1.5877,1.18,,,,,,False,False,False,False,-1.0,-1.0,False,False
dcfe6b65,XRPUSDT,crypto major,5m,short,1.1460946428571428,1.1490624999999999,1.1371910714285713,3.0,0.259,1.1775,-1.9561,0.5065,0.0,0.0,0.0,0.0,0.0,True,False,False,True,-1.0,0.0,True,False
6e2f3a8d,ATOMUSDT,crypto alt,5m,short,1.799767857142857,1.8043749999999998,1.7859464285714284,3.0,0.256,0.6008,-4.8256,1.2353,0.0,0.0,0.0,0.0,,False,False,False,True,-1.0,0.0,True,False
365add52,SNXUSDT,crypto alt,5m,short,0.24307142857142858,0.2435,0.2417857142857143,3.0,0.1763,-2.1667,-11.5,2.0276,,,,,,False,False,False,False,-1.0,-1.0,False,False
0e87258f,STXUSDT,crypto alt,15m,short,0.18427678571428574,0.18533750000000002,0.18109464285714288,3.0,0.5756,0.8266,-1.3418,0.7723,0.0,0.0,0.0,0.0,,False,False,False,True,-1.0,0.0,True,False
a4ff195a,ENJUSDT,crypto alt,15m,long,0.03578,0.03518,0.037579999999999995,3.0,1.6769,5.35,-0.3167,0.531,0.0,0.0,0.0,1.0,3.75,True,True,True,False,3.0,0.0,False,True
ebc76246,NEOUSDT,crypto alt,15m,short,2.2076964285714284,2.217875,2.1771607142857143,3.0,0.461,0.7561,-1.4053,0.6479,0.0,0.0,0.0,0.25,,False,False,False,True,-1.0,0.0,True,False
6fbc9c9b,XLMUSDT,crypto alt,2h,long,0.23284285714285713,0.21689999999999998,0.28067142857142857,3.0,6.847,0.1604,-1.138,7.7919,0.0,0.0,,,,False,False,False,True,-1.0,-1.0,False,False
8f09c129,AAVEUSDT,crypto alt,5m,long,74.89732142857142,74.34124999999999,76.5655357142857,3.0,0.7424,0.5443,-5.3003,3.9351,0.0,0.0,0.0,0.0,,False,False,False,True,-1.0,0.0,True,False
79f7af59,AAVEUSDT,crypto alt,15m,long,74.91107142857143,74.0775,77.41178571428571,3.0,1.1127,0.3466,-3.5523,3.9528,0.0,0.0,0.0,,,False,False,False,True,-1.0,0.0,True,False
f483e490,MAGICUSDT,crypto alt,15m,short,0.045133928571428575,0.0453375,0.04452321428571429,3.0,0.451,4.0965,-1.307,0.5895,0.25,0.25,0.25,0.25,1.25,True,True,True,False,-1.0,-1.0,False,False
f7ec7c5f,WLDUSDT,crypto alt,1h,long,0.6458196428571429,0.6213375,0.7192660714285715,3.0,3.7909,0.7916,-2.133,8.0858,0.0,0.0,0.0,4.0,,False,False,False,True,-1.0,0.0,True,False
1e7adfd5,KAVAUSDT,crypto alt,5m,short,0.046169999999999996,0.04629,0.04581,3.0,0.2599,1.8333,-7.0,1.8194,0.08333333333333333,0.08333333333333333,0.08333333333333333,0.08333333333333333,0.25,True,False,False,True,-1.0,0.0,True,False
4a9d872c,LDOUSDT,crypto alt,5m,short,0.27608214285714283,0.277775,0.27100357142857145,3.0,0.6132,3.9473,-0.7785,0.4773,0.0,0.0,0.0,0.0,0.25,True,True,True,False,3.0,0.0,False,True
94f71180,WLDUSDT,crypto alt,2h,long,0.647275,0.612925,0.750325,3.0,5.3069,0.1434,-1.5626,8.2925,0.0,0.0,,,,False,False,False,True,-1.0,-1.0,False,False
